roomID,bldgCode,roomNum,type,location,roomName,macQty,winQty,bwQty,colorQty,proColorQty,plotterQty,scanQty,Projection,DVD,VHS,CD,specialtyHardware,swVideo,sw3DModel,swWeb,swMSOffice,swAdobe,swProgramming,swStats
A001,A,001,Classroom,66 West 12th Street,The Red Rom,1,0,0,0,0,0,0,TRUE,FALSE,FALSE,FALSE,Specialty Hardware Item 001,TRUE,FALSE,FALSE,TRUE,TRUE,TRUE,FALSE
A002,A,002,Classroom,66 West 12th Street,The Orange Room,1,0,0,0,0,0,0,TRUE,FALSE,FALSE,FALSE,Specialty Hardware Item 002,FALSE,FALSE,FALSE,TRUE,TRUE,FALSE,FALSE
A003,A,003,Classroom,66 West 12th Street,The Yellow Room,1,0,0,0,0,0,0,TRUE,FALSE,FALSE,FALSE,Specialty Hardware Item 003,FALSE,TRUE,FALSE,TRUE,TRUE,TRUE,FALSE
A004,A,004,Classroom,66 West 12th Street,The Green Rom,1,0,0,0,0,0,0,TRUE,FALSE,FALSE,FALSE,Specialty Hardware Item 004,FALSE,FALSE,TRUE,TRUE,TRUE,FALSE,TRUE
A005,A,005,Classroom,66 West 12th Street,The Blue Room,1,0,0,0,0,0,0,TRUE,FALSE,FALSE,FALSE,Specialty Hardware Item 005,TRUE,FALSE,FALSE,TRUE,TRUE,TRUE,FALSE
A006,A,006,Classroom,66 West 12th Street,The Purple Room,1,0,0,0,0,0,0,TRUE,FALSE,FALSE,FALSE,Specialty Hardware Item 006,FALSE,FALSE,FALSE,TRUE,TRUE,FALSE,FALSE
A007,A,007,Classroom,66 West 12th Street,The Earth Room,1,0,0,0,0,0,0,TRUE,FALSE,FALSE,FALSE,Specialty Hardware Item 007,FALSE,TRUE,FALSE,TRUE,TRUE,TRUE,FALSE
A308,A,308,Classroom,66 West 12th Street,The Wind Room,0,1,0,0,0,0,0,TRUE,FALSE,FALSE,FALSE,Specialty Hardware Item 008,FALSE,FALSE,TRUE,TRUE,TRUE,FALSE,TRUE
A309,A,309,Classroom,66 West 12th Street,The Fire Room,1,0,0,0,0,0,0,TRUE,FALSE,FALSE,FALSE,Specialty Hardware Item 009,TRUE,FALSE,FALSE,TRUE,TRUE,TRUE,FALSE
A310,A,310,Classroom,66 West 12th Street,The War Room,0,1,0,0,0,0,0,TRUE,FALSE,FALSE,FALSE,Specialty Hardware Item 010,FALSE,FALSE,FALSE,TRUE,TRUE,FALSE,FALSE
A311,A,311,Conference Room,66 West 12th Street,The President's Conference Rom,1,0,0,0,0,0,0,TRUE,TRUE,TRUE,TRUE,Specialty Hardware Item 011,FALSE,TRUE,FALSE,TRUE,TRUE,TRUE,FALSE
A312,A,312,Classroom,66 West 12th Street,null,1,0,0,0,0,0,0,TRUE,FALSE,FALSE,FALSE,Specialty Hardware Item 012,FALSE,FALSE,TRUE,TRUE,TRUE,FALSE,TRUE
A313,A,313,Classroom,66 West 12th Street,null,1,0,0,0,0,0,0,TRUE,FALSE,FALSE,FALSE,Specialty Hardware Item 013,TRUE,FALSE,FALSE,TRUE,TRUE,TRUE,FALSE
A492,A,492,Classroom,66 West 12th Street,null,1,0,0,0,0,0,0,TRUE,FALSE,FALSE,FALSE,Specialty Hardware Item 014,FALSE,FALSE,FALSE,TRUE,TRUE,FALSE,FALSE
A493,A,493,Classroom,66 West 12th Street,null,1,0,0,0,0,0,0,TRUE,FALSE,FALSE,FALSE,Specialty Hardware Item 015,FALSE,TRUE,FALSE,TRUE,TRUE,TRUE,FALSE
A494,A,494,Conference Room,66 West 12th Street,null,0,1,0,0,0,0,0,TRUE,FALSE,FALSE,FALSE,Specialty Hardware Item 016,FALSE,FALSE,TRUE,TRUE,TRUE,FALSE,TRUE
A495,A,495,Conference Room,66 West 12th Street,null,0,1,0,0,0,0,0,TRUE,FALSE,FALSE,FALSE,,TRUE,FALSE,FALSE,TRUE,TRUE,TRUE,FALSE
A496,A,496,Classroom,66 West 12th Street,null,1,0,0,0,0,0,0,TRUE,TRUE,FALSE,FALSE,,FALSE,FALSE,FALSE,TRUE,TRUE,FALSE,FALSE
A497,A,497,Classroom,66 West 12th Street,null,1,0,0,0,0,0,0,TRUE,TRUE,FALSE,FALSE,,FALSE,TRUE,FALSE,TRUE,TRUE,TRUE,FALSE
A498,A,498,Classroom,66 West 12th Street,null,1,0,0,0,0,0,0,TRUE,TRUE,FALSE,FALSE,,FALSE,FALSE,TRUE,TRUE,TRUE,FALSE,TRUE
A499,A,499,Classroom,66 West 12th Street,null,1,0,0,0,0,0,0,TRUE,TRUE,FALSE,FALSE,,TRUE,FALSE,FALSE,TRUE,TRUE,TRUE,FALSE
A500,A,500,Classroom,66 West 12th Street,null,1,0,0,0,0,0,0,TRUE,TRUE,FALSE,FALSE,,FALSE,FALSE,FALSE,TRUE,TRUE,FALSE,FALSE
A501,A,501,Classroom,66 West 12th Street,null,1,0,0,0,0,0,0,TRUE,TRUE,FALSE,FALSE,,FALSE,TRUE,FALSE,TRUE,TRUE,TRUE,FALSE
A502,A,502,Classroom,66 West 12th Street,null,1,0,0,0,0,0,0,TRUE,TRUE,FALSE,FALSE,,FALSE,FALSE,TRUE,TRUE,TRUE,FALSE,TRUE
A503,A,503,Classroom,66 West 12th Street,null,1,0,0,0,0,0,0,TRUE,TRUE,FALSE,FALSE,,TRUE,FALSE,FALSE,TRUE,TRUE,TRUE,FALSE
A504,A,504,Classroom,66 West 12th Street,null,1,0,0,0,0,0,0,TRUE,TRUE,FALSE,FALSE,,FALSE,FALSE,FALSE,TRUE,TRUE,FALSE,FALSE
B002,B,002,Technology Lab,65 West 11th Street,null,11,0,1,0,0,0,0,FALSE,FALSE,FALSE,FALSE,,FALSE,TRUE,FALSE,TRUE,TRUE,TRUE,FALSE
B111,B,111,Classroom,65 West 11th Street,null,1,0,0,0,0,0,0,TRUE,TRUE,FALSE,FALSE,,FALSE,FALSE,TRUE,TRUE,TRUE,FALSE,TRUE
B112,B,112,Classroom,65 West 11th Street,null,1,0,0,0,0,0,0,TRUE,TRUE,FALSE,FALSE,,TRUE,FALSE,FALSE,TRUE,TRUE,TRUE,FALSE
B113,B,113,Classroom,65 West 11th Street,null,1,0,0,0,0,0,0,TRUE,TRUE,FALSE,FALSE,,FALSE,FALSE,FALSE,TRUE,TRUE,FALSE,FALSE
B114,B,114,Conference Room,65 West 11th Street,null,1,0,0,0,0,0,0,TRUE,TRUE,FALSE,FALSE,,FALSE,TRUE,FALSE,TRUE,TRUE,TRUE,FALSE
B115,B,115,Classroom,65 West 11th Street,null,1,0,0,0,0,0,0,TRUE,TRUE,FALSE,FALSE,,FALSE,FALSE,TRUE,TRUE,TRUE,FALSE,TRUE
B210,B,210,Classroom,65 West 11th Street,null,1,0,0,0,0,0,0,TRUE,TRUE,FALSE,FALSE,,TRUE,FALSE,FALSE,TRUE,TRUE,TRUE,FALSE
B211,B,211,Classroom,65 West 11th Street,null,1,0,0,0,0,0,0,TRUE,TRUE,FALSE,FALSE,,FALSE,FALSE,FALSE,TRUE,TRUE,FALSE,FALSE
B212,B,212,Classroom,65 West 11th Street,null,1,0,0,0,0,0,0,TRUE,TRUE,FALSE,FALSE,,FALSE,TRUE,FALSE,TRUE,TRUE,TRUE,FALSE
B213,B,213,Classroom,65 West 11th Street,null,1,0,0,0,0,0,0,TRUE,TRUE,FALSE,FALSE,,FALSE,FALSE,TRUE,TRUE,TRUE,FALSE,TRUE
B214,B,214,Classroom,65 West 11th Street,null,1,0,0,0,0,0,0,TRUE,TRUE,FALSE,FALSE,,TRUE,FALSE,FALSE,TRUE,TRUE,TRUE,FALSE
B215,B,215,Classroom,65 West 11th Street,null,1,0,0,0,0,0,0,TRUE,TRUE,FALSE,FALSE,,FALSE,FALSE,FALSE,TRUE,TRUE,FALSE,FALSE
B216,B,216,Classroom,65 West 11th Street,null,1,0,0,0,0,0,0,TRUE,FALSE,FALSE,FALSE,,FALSE,TRUE,FALSE,TRUE,TRUE,TRUE,FALSE
B217,B,217,Classroom,65 West 11th Street,null,1,0,0,0,0,0,0,TRUE,FALSE,FALSE,FALSE,,FALSE,FALSE,TRUE,TRUE,TRUE,FALSE,TRUE
B395,B,395,Classroom,65 West 11th Street,null,1,0,0,0,0,0,0,TRUE,FALSE,FALSE,FALSE,,TRUE,FALSE,FALSE,TRUE,TRUE,TRUE,FALSE
B396,B,396,Classroom,65 West 11th Street,null,1,0,0,0,0,0,0,TRUE,FALSE,FALSE,FALSE,,FALSE,FALSE,FALSE,TRUE,TRUE,FALSE,FALSE
B397,B,397,Classroom,65 West 11th Street,null,1,0,0,0,0,0,0,TRUE,FALSE,FALSE,FALSE,,FALSE,TRUE,FALSE,TRUE,TRUE,TRUE,FALSE
B398,B,398,Classroom,65 West 11th Street,null,1,0,0,0,0,0,0,TRUE,FALSE,FALSE,FALSE,,FALSE,FALSE,TRUE,TRUE,TRUE,FALSE,TRUE
B399,B,399,Classroom,65 West 11th Street,null,1,0,0,0,0,0,0,TRUE,FALSE,FALSE,FALSE,,TRUE,FALSE,FALSE,TRUE,TRUE,TRUE,FALSE
B400,B,400,Classroom,65 West 11th Street,null,1,0,0,0,0,0,0,TRUE,FALSE,FALSE,FALSE,,FALSE,FALSE,FALSE,TRUE,TRUE,FALSE,FALSE
B401,B,401,Classroom,65 West 11th Street,null,1,0,0,0,0,0,0,TRUE,FALSE,FALSE,FALSE,,FALSE,TRUE,FALSE,TRUE,TRUE,TRUE,FALSE
B402,B,402,Classroom,65 West 11th Street,null,1,0,0,0,0,0,0,TRUE,FALSE,FALSE,FALSE,,FALSE,FALSE,TRUE,TRUE,TRUE,FALSE,TRUE
B403,B,403,Classroom,65 West 11th Street,null,1,0,0,0,0,0,0,TRUE,FALSE,FALSE,FALSE,,TRUE,FALSE,FALSE,TRUE,TRUE,TRUE,FALSE
B404,B,404,Classroom,65 West 11th Street,null,1,0,0,0,0,0,0,TRUE,FALSE,FALSE,FALSE,,FALSE,FALSE,FALSE,TRUE,TRUE,FALSE,FALSE
B405,B,405,Classroom,65 West 11th Street,null,1,0,0,0,0,0,0,TRUE,FALSE,FALSE,FALSE,,FALSE,TRUE,FALSE,TRUE,TRUE,TRUE,FALSE
B406,B,406,Classroom,65 West 11th Street,null,1,0,0,0,0,0,0,TRUE,FALSE,FALSE,FALSE,,FALSE,FALSE,TRUE,TRUE,TRUE,FALSE,TRUE
B407,B,407,Classroom,65 West 11th Street,null,1,0,0,0,0,0,0,TRUE,FALSE,FALSE,FALSE,,TRUE,FALSE,FALSE,TRUE,TRUE,TRUE,FALSE
D699,D,699,Classroom,6 East 16th Street,null,1,0,0,0,0,0,0,TRUE,FALSE,FALSE,FALSE,,FALSE,FALSE,FALSE,TRUE,TRUE,FALSE,FALSE
D700,D,700,Classroom,6 East 16th Street,null,1,0,0,0,0,0,0,TRUE,FALSE,FALSE,FALSE,,FALSE,TRUE,FALSE,TRUE,TRUE,TRUE,FALSE
D701,D,701,Classroom,6 East 16th Street,null,1,0,0,0,0,0,0,TRUE,FALSE,FALSE,FALSE,,FALSE,FALSE,TRUE,TRUE,TRUE,FALSE,TRUE
D702,D,702,Classroom,6 East 16th Street,null,1,0,0,0,0,0,0,TRUE,FALSE,FALSE,FALSE,,TRUE,FALSE,FALSE,TRUE,TRUE,TRUE,FALSE
D703,D,703,Technology Lab,6 East 16th Street,Vera List 7th Floor Lab,0,3,1,1,0,1,0,FALSE,FALSE,FALSE,FALSE,"Black & White, Color, and Plotter Printers",FALSE,FALSE,FALSE,TRUE,TRUE,FALSE,FALSE
D704,D,704,Classroom,6 East 16th Street,null,1,0,0,0,0,0,0,TRUE,FALSE,FALSE,FALSE,,FALSE,TRUE,FALSE,TRUE,TRUE,TRUE,FALSE
D705,D,705,Classroom,6 East 16th Street,null,1,0,0,0,0,0,0,TRUE,FALSE,FALSE,FALSE,,FALSE,FALSE,TRUE,TRUE,TRUE,FALSE,TRUE
D706,D,706,Classroom,6 East 16th Street,null,0,21,0,0,0,0,0,TRUE,FALSE,FALSE,FALSE,,TRUE,FALSE,FALSE,TRUE,TRUE,TRUE,FALSE
D708,D,708,Classroom,6 East 16th Street,null,0,22,0,0,0,0,0,TRUE,FALSE,FALSE,FALSE,,FALSE,FALSE,FALSE,TRUE,TRUE,FALSE,FALSE
D1099,D,1099,Conference Room,6 East 16th Street,null,1,0,0,0,0,0,0,TRUE,FALSE,FALSE,FALSE,,FALSE,TRUE,FALSE,TRUE,TRUE,TRUE,FALSE
D1100,D,1100,Classroom,6 East 16th Street,null,1,0,0,0,0,0,0,TRUE,FALSE,FALSE,FALSE,,FALSE,FALSE,TRUE,TRUE,TRUE,FALSE,TRUE
D1101,D,1101,Classroom,6 East 16th Street,null,20,0,0,0,0,0,0,TRUE,FALSE,FALSE,FALSE,,TRUE,FALSE,FALSE,TRUE,TRUE,TRUE,FALSE
D600,D,600,Technology Lab,6 East 16th Street,Innovation Lab,14,0,2,2,0,0,0,TRUE,FALSE,FALSE,FALSE,"Laptop Checkout, Airmedia Display",FALSE,FALSE,FALSE,TRUE,TRUE,FALSE,FALSE
D601,D,601,Classroom,6 East 16th Street,null,1,0,0,0,0,0,0,TRUE,TRUE,FALSE,FALSE,,FALSE,TRUE,FALSE,TRUE,TRUE,TRUE,FALSE
D602,D,602,Classroom,6 East 16th Street,null,1,0,0,0,0,0,0,TRUE,TRUE,FALSE,FALSE,,FALSE,FALSE,TRUE,TRUE,TRUE,FALSE,TRUE
D603,D,603,Classroom,6 East 16th Street,null,1,0,0,0,0,0,0,TRUE,TRUE,FALSE,FALSE,,TRUE,FALSE,FALSE,TRUE,TRUE,TRUE,FALSE
D604,D,604,Classroom,6 East 16th Street,null,20,0,0,0,0,0,0,TRUE,TRUE,FALSE,FALSE,,FALSE,FALSE,FALSE,TRUE,TRUE,FALSE,FALSE
D605,D,605,Classroom,6 East 16th Street,null,1,0,0,0,0,0,0,TRUE,TRUE,FALSE,FALSE,,FALSE,TRUE,FALSE,TRUE,TRUE,TRUE,FALSE
D606,D,606,Classroom,6 East 16th Street,null,22,0,0,0,0,0,0,TRUE,TRUE,FALSE,FALSE,,FALSE,FALSE,TRUE,TRUE,TRUE,FALSE,TRUE
D607,D,607,Classroom,6 East 16th Street,null,1,0,0,0,0,0,0,TRUE,TRUE,FALSE,FALSE,,TRUE,FALSE,FALSE,TRUE,TRUE,TRUE,FALSE
D608,D,608,Classroom,6 East 16th Street,null,22,0,0,0,0,0,0,TRUE,TRUE,FALSE,FALSE,,FALSE,FALSE,FALSE,TRUE,TRUE,FALSE,FALSE
D609,D,609,Classroom,6 East 16th Street,null,1,0,0,0,0,0,0,TRUE,TRUE,FALSE,FALSE,,FALSE,TRUE,FALSE,TRUE,TRUE,TRUE,FALSE
D610,D,610,Classroom,6 East 16th Street,Photo Lab,21,0,0,0,20,0,0,TRUE,TRUE,FALSE,FALSE,Parsons Photo Printers,FALSE,FALSE,TRUE,TRUE,TRUE,FALSE,TRUE
D611,D,611,Classroom,6 East 16th Street,null,1,0,0,0,0,0,0,TRUE,TRUE,FALSE,FALSE,,TRUE,FALSE,FALSE,TRUE,TRUE,TRUE,FALSE
D612,D,612,Classroom,6 East 16th Street,null,1,0,0,0,0,0,0,TRUE,TRUE,FALSE,FALSE,,FALSE,FALSE,FALSE,TRUE,TRUE,FALSE,FALSE
D613,D,613,Classroom,6 East 16th Street,null,1,0,0,0,0,0,0,TRUE,TRUE,FALSE,FALSE,,FALSE,TRUE,FALSE,TRUE,TRUE,TRUE,FALSE
D614,D,614,Classroom,6 East 16th Street,null,1,0,0,0,0,0,0,TRUE,TRUE,FALSE,FALSE,,FALSE,FALSE,TRUE,TRUE,TRUE,FALSE,TRUE
D615,D,615,Classroom,6 East 16th Street,null,1,0,0,0,0,0,0,TRUE,TRUE,FALSE,FALSE,,TRUE,FALSE,FALSE,TRUE,TRUE,TRUE,FALSE
D616,D,616,Classroom,6 East 16th Street,null,1,0,0,0,0,0,0,TRUE,TRUE,FALSE,FALSE,,FALSE,FALSE,FALSE,TRUE,TRUE,FALSE,FALSE
D617,D,617,Classroom,6 East 16th Street,null,1,0,0,0,0,0,0,TRUE,TRUE,FALSE,FALSE,,FALSE,TRUE,FALSE,TRUE,TRUE,TRUE,FALSE
D618,D,618,Classroom,6 East 16th Street,null,1,0,0,0,0,0,0,TRUE,TRUE,FALSE,FALSE,,FALSE,FALSE,TRUE,TRUE,TRUE,FALSE,TRUE
D619,D,619,Classroom,6 East 16th Street,null,1,0,0,0,0,0,0,TRUE,TRUE,FALSE,FALSE,,TRUE,FALSE,FALSE,TRUE,TRUE,TRUE,FALSE
D995,D,995,Classroom,6 East 16th Street,null,1,0,0,0,0,0,0,TRUE,TRUE,FALSE,FALSE,,FALSE,FALSE,FALSE,TRUE,TRUE,FALSE,FALSE
D996,D,996,Classroom,6 East 16th Street,null,1,0,0,0,0,0,0,TRUE,TRUE,FALSE,FALSE,,FALSE,TRUE,FALSE,TRUE,TRUE,TRUE,FALSE
D997,D,997,Classroom,6 East 16th Street,null,1,0,0,0,0,0,0,TRUE,TRUE,FALSE,FALSE,,FALSE,FALSE,TRUE,TRUE,TRUE,FALSE,TRUE
D998,D,998,Classroom,6 East 16th Street,null,1,0,0,0,0,0,0,TRUE,TRUE,FALSE,FALSE,,TRUE,FALSE,FALSE,TRUE,TRUE,TRUE,FALSE
D999,D,999,Classroom,6 East 16th Street,null,1,0,0,0,0,0,0,TRUE,TRUE,FALSE,FALSE,,FALSE,FALSE,FALSE,TRUE,TRUE,FALSE,FALSE
D1000,D,1000,Classroom,6 East 16th Street,null,1,0,0,0,0,0,0,TRUE,TRUE,FALSE,FALSE,,FALSE,TRUE,FALSE,TRUE,TRUE,TRUE,FALSE
D1001,D,1001,Classroom,6 East 16th Street,null,1,0,0,0,0,0,0,TRUE,FALSE,FALSE,FALSE,,FALSE,FALSE,TRUE,TRUE,TRUE,FALSE,TRUE
D1002,D,1002,Classroom,6 East 16th Street,Ecomonics Bloomberg Lab,0,22,0,0,0,0,0,TRUE,FALSE,FALSE,FALSE,Blomberg Terminals,TRUE,FALSE,FALSE,TRUE,TRUE,TRUE,FALSE
D1003,D,1003,Classroom,6 East 16th Street,null,1,0,0,0,0,0,0,TRUE,FALSE,FALSE,FALSE,,FALSE,FALSE,FALSE,TRUE,TRUE,FALSE,FALSE
D1004,D,1004,Classroom,6 East 16th Street,null,1,0,0,0,0,0,0,TRUE,FALSE,FALSE,FALSE,,FALSE,TRUE,FALSE,TRUE,TRUE,TRUE,FALSE
D1005,D,1005,Classroom,6 East 16th Street,null,1,0,0,0,0,0,0,TRUE,FALSE,FALSE,FALSE,,FALSE,FALSE,TRUE,TRUE,TRUE,FALSE,TRUE
D1006,D,1006,Classroom,6 East 16th Street,Vera List 10th Floor Open Lab,1,0,1,0,0,0,2,TRUE,FALSE,FALSE,FALSE,,TRUE,FALSE,FALSE,TRUE,TRUE,TRUE,FALSE
D1007,D,1007,Classroom,6 East 16th Street,null,1,0,0,0,0,0,0,TRUE,TRUE,FALSE,FALSE,,FALSE,FALSE,FALSE,TRUE,TRUE,FALSE,FALSE
D1008,D,1008,Classroom,6 East 16th Street,null,1,0,0,0,0,0,0,TRUE,TRUE,FALSE,FALSE,,FALSE,TRUE,FALSE,TRUE,TRUE,TRUE,FALSE
D1009,D,1009,Classroom,6 East 16th Street,null,1,0,0,0,0,0,0,TRUE,TRUE,FALSE,FALSE,,FALSE,FALSE,TRUE,TRUE,TRUE,FALSE,TRUE
D1010,D,1010,Technology Lab,6 East 16th Street,null,1,0,0,0,0,0,0,FALSE,FALSE,FALSE,FALSE,,TRUE,FALSE,FALSE,TRUE,TRUE,TRUE,FALSE
D1111,D,1111,Classroom,6 East 16th Street,null,1,0,0,0,0,0,0,TRUE,TRUE,FALSE,FALSE,,FALSE,FALSE,FALSE,TRUE,TRUE,FALSE,FALSE
D1112,D,1112,Classroom,6 East 16th Street,null,1,0,0,0,0,0,0,TRUE,TRUE,FALSE,FALSE,,FALSE,TRUE,FALSE,TRUE,TRUE,TRUE,FALSE
D1113,D,1113,Classroom,6 East 16th Street,,1,0,0,0,0,0,0,TRUE,TRUE,FALSE,FALSE,,FALSE,FALSE,TRUE,TRUE,TRUE,FALSE,TRUE
D1114,D,1114,Classroom,6 East 16th Street,,1,0,0,0,0,0,0,TRUE,TRUE,FALSE,FALSE,,TRUE,FALSE,FALSE,TRUE,TRUE,TRUE,FALSE
D1115,D,1115,Classroom,6 East 16th Street,,1,0,0,0,0,0,0,TRUE,TRUE,FALSE,FALSE,,FALSE,FALSE,FALSE,TRUE,TRUE,FALSE,FALSE
D1116,D,1116,Classroom,6 East 16th Street,,1,0,0,0,0,0,0,TRUE,TRUE,FALSE,FALSE,,FALSE,TRUE,FALSE,TRUE,TRUE,TRUE,FALSE
D1117,D,1117,Classroom,6 East 16th Street,,1,0,0,0,0,0,0,TRUE,TRUE,TRUE,FALSE,,FALSE,FALSE,TRUE,TRUE,TRUE,FALSE,TRUE
D1118,D,1118,Classroom,6 East 16th Street,,1,0,0,0,0,0,0,TRUE,TRUE,TRUE,FALSE,,TRUE,FALSE,FALSE,TRUE,TRUE,TRUE,FALSE
D1119,D,1119,Classroom,6 East 16th Street,,1,0,0,0,0,0,0,TRUE,TRUE,TRUE,FALSE,,FALSE,FALSE,FALSE,TRUE,TRUE,FALSE,FALSE
D1120,D,1120,Classroom,6 East 16th Street,,1,0,0,0,0,0,0,TRUE,TRUE,TRUE,FALSE,,FALSE,TRUE,FALSE,TRUE,TRUE,TRUE,FALSE
D1121,D,1121,Classroom,6 East 16th Street,,1,0,0,0,0,0,0,TRUE,TRUE,TRUE,FALSE,,FALSE,FALSE,TRUE,TRUE,TRUE,FALSE,TRUE
D1212,D,1212,Classroom,6 East 16th Street,,1,0,0,0,0,0,0,TRUE,FALSE,FALSE,FALSE,,TRUE,FALSE,FALSE,TRUE,TRUE,TRUE,FALSE
D1213,D,1213,Classroom,6 East 16th Street,,1,0,0,0,0,0,0,TRUE,FALSE,FALSE,FALSE,,FALSE,FALSE,FALSE,TRUE,TRUE,FALSE,FALSE
D1214,D,1214,Classroom,6 East 16th Street,,1,0,0,0,0,0,0,TRUE,FALSE,FALSE,FALSE,,FALSE,TRUE,FALSE,TRUE,TRUE,TRUE,FALSE
D1215,D,1215,Classroom,6 East 16th Street,,1,0,0,0,0,0,0,TRUE,FALSE,FALSE,FALSE,,FALSE,FALSE,TRUE,TRUE,TRUE,FALSE,TRUE
D1216,D,1216,Classroom,6 East 16th Street,,1,0,0,0,0,0,0,TRUE,FALSE,FALSE,FALSE,,TRUE,FALSE,FALSE,TRUE,TRUE,TRUE,FALSE
D1217,D,1217,Classroom,6 East 16th Street,,1,0,0,0,0,0,0,TRUE,FALSE,FALSE,FALSE,,FALSE,FALSE,FALSE,TRUE,TRUE,FALSE,FALSE
D1218,D,1218,Classroom,6 East 16th Street,,1,0,0,0,0,0,0,TRUE,TRUE,FALSE,FALSE,,FALSE,TRUE,FALSE,TRUE,TRUE,TRUE,FALSE
D1219,D,1219,Classroom,6 East 16th Street,,1,0,0,0,0,0,0,TRUE,TRUE,FALSE,FALSE,,FALSE,FALSE,TRUE,TRUE,TRUE,FALSE,TRUE
D1220,D,1220,Classroom,6 East 16th Street,,1,0,0,0,0,0,0,TRUE,TRUE,FALSE,FALSE,,TRUE,FALSE,FALSE,TRUE,TRUE,TRUE,FALSE
D1221,D,1221,Classroom,6 East 16th Street,,1,0,0,0,0,0,0,TRUE,TRUE,FALSE,FALSE,,FALSE,FALSE,FALSE,TRUE,TRUE,FALSE,FALSE
D1222,D,1222,Conference Room,6 East 16th Street,The Fox Conference Rom,1,0,0,0,0,0,0,TRUE,TRUE,TRUE,TRUE,,FALSE,TRUE,FALSE,TRUE,TRUE,TRUE,FALSE
D1223,D,1223,Conference Room,6 East 16th Street,The Badger Conference Room,1,0,0,0,0,0,0,TRUE,TRUE,TRUE,TRUE,,FALSE,FALSE,TRUE,TRUE,TRUE,FALSE,TRUE
D1224,D,1224,Classroom,6 East 16th Street,,1,0,0,0,0,0,0,TRUE,FALSE,FALSE,FALSE,,TRUE,FALSE,FALSE,TRUE,TRUE,TRUE,FALSE
D1225,D,1225,Classroom,6 East 16th Street,,1,0,0,0,0,0,0,TRUE,FALSE,FALSE,FALSE,,FALSE,FALSE,FALSE,TRUE,TRUE,FALSE,FALSE
D1226,D,1226,Classroom,6 East 16th Street,,1,0,0,0,0,0,0,TRUE,FALSE,FALSE,FALSE,,FALSE,TRUE,FALSE,TRUE,TRUE,TRUE,FALSE
U399,U,399,Classroom,63 Fifth Avenue,,1,0,0,0,0,0,0,TRUE,FALSE,FALSE,FALSE,,FALSE,FALSE,TRUE,TRUE,TRUE,FALSE,TRUE
U400,U,400,Classroom,63 Fifth Avenue,Print Output Center,0,0,2,2,2,3,0,FALSE,FALSE,FALSE,FALSE,Large Format Photograhic Quality Printing,TRUE,FALSE,FALSE,TRUE,TRUE,TRUE,FALSE
U401,U,401,Classroom,63 Fifth Avenue,,1,0,0,0,0,0,0,TRUE,TRUE,FALSE,FALSE,,FALSE,FALSE,FALSE,TRUE,TRUE,FALSE,FALSE
U402,U,402,Classroom,63 Fifth Avenue,,1,0,0,0,0,0,0,TRUE,TRUE,FALSE,FALSE,,FALSE,TRUE,FALSE,TRUE,TRUE,TRUE,FALSE
U403,U,403,Classroom,63 Fifth Avenue,,1,0,0,0,0,0,0,TRUE,TRUE,FALSE,FALSE,,FALSE,FALSE,TRUE,TRUE,TRUE,FALSE,TRUE
U404,U,404,Classroom,63 Fifth Avenue,,1,0,0,0,0,0,0,TRUE,TRUE,FALSE,FALSE,,TRUE,FALSE,FALSE,TRUE,TRUE,TRUE,FALSE
U405,U,405,Classroom,63 Fifth Avenue,,1,0,0,0,0,0,0,TRUE,TRUE,FALSE,FALSE,,FALSE,FALSE,FALSE,TRUE,TRUE,FALSE,FALSE
U406,U,406,Classroom,63 Fifth Avenue,,1,0,0,0,0,0,0,TRUE,FALSE,FALSE,FALSE,,FALSE,TRUE,FALSE,TRUE,TRUE,TRUE,FALSE
U407,U,407,Classroom,63 Fifth Avenue,,1,0,0,0,0,0,0,TRUE,FALSE,FALSE,FALSE,,FALSE,FALSE,TRUE,TRUE,TRUE,FALSE,TRUE
U408,U,408,Classroom,63 Fifth Avenue,,1,0,0,0,0,0,0,TRUE,FALSE,FALSE,FALSE,,TRUE,FALSE,FALSE,TRUE,TRUE,TRUE,FALSE
U409,U,409,Classroom,63 Fifth Avenue,,1,0,0,0,0,0,0,TRUE,FALSE,FALSE,FALSE,,FALSE,FALSE,FALSE,TRUE,TRUE,FALSE,FALSE
U410,U,410,Classroom,63 Fifth Avenue,,1,0,0,0,0,0,0,TRUE,FALSE,FALSE,FALSE,,FALSE,TRUE,FALSE,TRUE,TRUE,TRUE,FALSE
E296,E,296,Classroom,25 East 13th Street,,1,0,0,0,0,0,0,TRUE,FALSE,FALSE,FALSE,,FALSE,FALSE,TRUE,TRUE,TRUE,FALSE,TRUE
E297,E,297,Classroom,25 East 13th Street,,1,0,0,0,0,0,0,TRUE,FALSE,FALSE,FALSE,,TRUE,FALSE,FALSE,TRUE,TRUE,TRUE,FALSE
E298,E,298,Classroom,25 East 13th Street,,1,0,0,0,0,0,0,TRUE,FALSE,FALSE,FALSE,,FALSE,FALSE,FALSE,TRUE,TRUE,FALSE,FALSE
E299,E,299,Classroom,25 East 13th Street,,1,0,0,0,0,0,0,TRUE,FALSE,FALSE,FALSE,,FALSE,TRUE,FALSE,TRUE,TRUE,TRUE,FALSE
E300A,E,300,Classroom,25 East 13th Street,Parsons East 3rd Floor Lab,3,9,1,1,0,1,2,TRUE,FALSE,FALSE,FALSE,,FALSE,FALSE,TRUE,TRUE,TRUE,FALSE,TRUE
E301,E,301,Classroom,25 East 13th Street,,1,0,0,0,0,0,0,TRUE,FALSE,FALSE,FALSE,,TRUE,FALSE,FALSE,TRUE,TRUE,TRUE,FALSE
E302,E,302,Classroom,25 East 13th Street,,1,0,0,0,0,0,0,TRUE,FALSE,FALSE,FALSE,,FALSE,FALSE,FALSE,TRUE,TRUE,FALSE,FALSE
E303,E,303,Classroom,25 East 13th Street,,1,0,0,0,0,0,0,TRUE,FALSE,FALSE,FALSE,,FALSE,TRUE,FALSE,TRUE,TRUE,TRUE,FALSE
E304,E,304,Classroom,25 East 13th Street,,1,0,0,0,0,0,0,TRUE,FALSE,FALSE,FALSE,,FALSE,FALSE,TRUE,TRUE,TRUE,FALSE,TRUE
E305,E,305,Classroom,25 East 13th Street,,1,0,0,0,0,0,0,TRUE,FALSE,FALSE,FALSE,,TRUE,FALSE,FALSE,TRUE,TRUE,TRUE,FALSE
E208A,E,208,Technology Lab,25 East 13th Street,Parsons East 2nd Floor Lab,8,8,1,1,0,1,2,TRUE,FALSE,FALSE,FALSE,,FALSE,FALSE,FALSE,TRUE,TRUE,FALSE,FALSE
E401,E,401,Classroom,25 East 13th Street,,1,0,0,0,0,0,0,TRUE,FALSE,FALSE,FALSE,,FALSE,TRUE,FALSE,TRUE,TRUE,TRUE,FALSE
E402,E,402,Classroom,25 East 13th Street,,1,0,0,0,0,0,0,TRUE,FALSE,FALSE,FALSE,,FALSE,FALSE,TRUE,TRUE,TRUE,FALSE,TRUE
E403,E,403,Classroom,25 East 13th Street,,1,0,0,0,0,0,0,TRUE,FALSE,FALSE,FALSE,,TRUE,FALSE,FALSE,TRUE,TRUE,TRUE,FALSE
E404,E,404,Classroom,25 East 13th Street,,1,0,0,0,0,0,0,TRUE,TRUE,FALSE,FALSE,,FALSE,FALSE,FALSE,TRUE,TRUE,FALSE,FALSE
E405,E,405,Classroom,25 East 13th Street,,1,0,0,0,0,0,0,TRUE,TRUE,FALSE,FALSE,,FALSE,TRUE,FALSE,TRUE,TRUE,TRUE,FALSE
E406,E,406,Classroom,25 East 13th Street,,1,0,0,0,0,0,0,TRUE,TRUE,FALSE,FALSE,,FALSE,FALSE,TRUE,TRUE,TRUE,FALSE,TRUE
E407,E,407,Classroom,25 East 13th Street,,1,0,0,0,0,0,0,TRUE,TRUE,FALSE,FALSE,,TRUE,FALSE,FALSE,TRUE,TRUE,TRUE,FALSE
E408,E,408,Classroom,25 East 13th Street,,1,0,0,0,0,0,0,TRUE,TRUE,FALSE,FALSE,,FALSE,FALSE,FALSE,TRUE,TRUE,FALSE,FALSE
E409,E,409,Classroom,25 East 13th Street,,1,0,0,0,0,0,0,TRUE,FALSE,FALSE,FALSE,,FALSE,TRUE,FALSE,TRUE,TRUE,TRUE,FALSE
i802,i,802,Technology Lab,55 West 13th Street,Arnhold Hall 8th Floor Lab,60,20,2,1,0,2,14,FALSE,FALSE,FALSE,FALSE,"A/V I/O Decks, Midi Keyboards, Drum Scanner, Animation Stand",FALSE,FALSE,TRUE,TRUE,TRUE,FALSE,TRUE
i803,i,803,Classroom,55 West 13th Street,,11,0,0,0,0,0,0,TRUE,FALSE,FALSE,FALSE,,TRUE,FALSE,FALSE,TRUE,TRUE,TRUE,FALSE
i894,i,894,Classroom,55 West 13th Street,,0,0,0,0,0,0,0,TRUE,FALSE,FALSE,FALSE,,FALSE,FALSE,FALSE,TRUE,TRUE,FALSE,FALSE
i806,i,806,Classroom,55 West 13th Street,,18,0,0,0,0,0,0,TRUE,FALSE,FALSE,FALSE,,FALSE,TRUE,FALSE,TRUE,TRUE,TRUE,FALSE
i895,i,895,Classroom,55 West 13th Street,Auido Suite 01,0,0,0,0,0,0,0,FALSE,FALSE,FALSE,FALSE,"Audio I/O, Mixer, Midi Keyboard",FALSE,FALSE,TRUE,TRUE,TRUE,FALSE,TRUE
i896,i,896,Classroom,55 West 13th Street,Auido Suite 02,0,0,0,0,0,0,0,FALSE,FALSE,FALSE,FALSE,"Audio I/O, Mixer, Midi Keyboard",TRUE,FALSE,FALSE,TRUE,TRUE,TRUE,FALSE
i897,i,897,Classroom,55 West 13th Street,Video Suiet 01,0,0,0,0,0,0,0,FALSE,FALSE,FALSE,FALSE,"Video I/O, Mixer",FALSE,FALSE,FALSE,TRUE,TRUE,FALSE,FALSE
i898,i,898,Classroom,55 West 13th Street,Video Suiet 02,1,0,0,0,0,0,0,FALSE,FALSE,FALSE,FALSE,"Video I/O, Mixer",FALSE,TRUE,FALSE,TRUE,TRUE,TRUE,FALSE
i899,i,899,Classroom,55 West 13th Street,Voiceover Booth,1,0,0,0,0,0,0,FALSE,TRUE,FALSE,FALSE,"Mic, Intercom",FALSE,FALSE,TRUE,TRUE,TRUE,FALSE,TRUE
i201,i,201,Conference Room,55 West 13th Street,Wollman Hall,0,0,0,0,0,0,0,TRUE,FALSE,FALSE,FALSE,Multi-screen projection,TRUE,FALSE,FALSE,TRUE,TRUE,TRUE,FALSE
i301,i,301,Classroom,55 West 13th Street,,1,0,0,0,0,0,0,TRUE,FALSE,FALSE,FALSE,,FALSE,FALSE,FALSE,TRUE,TRUE,FALSE,FALSE
i401,i,401,Classroom,55 West 13th Street,,1,0,0,0,0,0,0,TRUE,FALSE,FALSE,FALSE,,FALSE,TRUE,FALSE,TRUE,TRUE,TRUE,FALSE
i501,i,501,Classroom,55 West 13th Street,,1,0,0,0,0,0,0,TRUE,FALSE,FALSE,FALSE,,FALSE,FALSE,TRUE,TRUE,TRUE,FALSE,TRUE
i601,i,601,Classroom,55 West 13th Street,,1,0,0,0,0,0,0,TRUE,FALSE,FALSE,FALSE,,TRUE,FALSE,FALSE,TRUE,TRUE,TRUE,FALSE
i701,i,701,Classroom,55 West 13th Street,,1,0,0,0,0,0,0,TRUE,FALSE,FALSE,FALSE,,FALSE,FALSE,FALSE,TRUE,TRUE,FALSE,FALSE
i921,i,921,Technology Lab,55 West 13th Street,Equipment Center,0,0,0,0,0,0,0,FALSE,FALSE,FALSE,FALSE,Audio/Video/Lighting Productin Equipment,FALSE,TRUE,FALSE,TRUE,TRUE,TRUE,FALSE
i900,i,900,Classroom,55 West 13th Street,,1,0,0,0,0,0,0,TRUE,FALSE,FALSE,FALSE,,FALSE,FALSE,TRUE,TRUE,TRUE,FALSE,TRUE
i901,i,901,Classroom,55 West 13th Street,,1,0,0,0,0,0,0,TRUE,FALSE,FALSE,FALSE,,TRUE,FALSE,FALSE,TRUE,TRUE,TRUE,FALSE
i902,i,902,Conference Room,55 West 13th Street,The Otter Conference Room,1,0,0,0,0,0,0,TRUE,FALSE,FALSE,FALSE,,FALSE,FALSE,FALSE,TRUE,TRUE,FALSE,FALSE
i903,i,903,Classroom,55 West 13th Street,,1,0,0,0,0,0,0,TRUE,FALSE,FALSE,FALSE,,FALSE,TRUE,FALSE,TRUE,TRUE,TRUE,FALSE
i904,i,904,Classroom,55 West 13th Street,,0,20,0,0,0,0,0,TRUE,FALSE,FALSE,FALSE,,FALSE,FALSE,TRUE,TRUE,TRUE,FALSE,TRUE
i905,i,905,Conference Room,55 West 13th Street,The Owl Conference Room,0,1,0,0,0,0,0,TRUE,FALSE,FALSE,FALSE,,TRUE,FALSE,FALSE,TRUE,TRUE,TRUE,FALSE
i906,i,906,Classroom,55 West 13th Street,,1,0,0,0,0,0,0,TRUE,FALSE,FALSE,FALSE,,FALSE,FALSE,FALSE,TRUE,TRUE,FALSE,FALSE
i907,i,907,Classroom,55 West 13th Street,,1,0,0,0,0,0,0,TRUE,FALSE,FALSE,FALSE,,FALSE,TRUE,FALSE,TRUE,TRUE,TRUE,FALSE
L100,L,100,Classroom,2 West 13th Street,,1,0,0,0,0,0,0,TRUE,FALSE,FALSE,FALSE,,FALSE,FALSE,TRUE,TRUE,TRUE,FALSE,TRUE
L101,L,101,Classroom,2 West 13th Street,,0,0,0,0,0,0,0,TRUE,FALSE,FALSE,FALSE,,TRUE,FALSE,FALSE,TRUE,TRUE,TRUE,FALSE
L102,L,102,Classroom,2 West 13th Street,,1,0,0,0,0,0,0,TRUE,FALSE,FALSE,FALSE,,FALSE,FALSE,FALSE,TRUE,TRUE,FALSE,FALSE
L501,L,501,Classroom,2 West 13th Street,,1,0,0,0,0,0,0,TRUE,FALSE,FALSE,FALSE,,FALSE,TRUE,FALSE,TRUE,TRUE,TRUE,FALSE
L526,L,526,Classroom,2 West 13th Street,,1,0,0,0,0,0,0,TRUE,FALSE,FALSE,FALSE,,FALSE,FALSE,TRUE,TRUE,TRUE,FALSE,TRUE
L551,L,551,Classroom,2 West 13th Street,,1,0,0,0,0,0,0,TRUE,FALSE,FALSE,FALSE,,TRUE,FALSE,FALSE,TRUE,TRUE,TRUE,FALSE
L576,L,576,Classroom,2 West 13th Street,,1,0,0,0,0,0,0,TRUE,FALSE,FALSE,FALSE,,FALSE,FALSE,FALSE,TRUE,TRUE,FALSE,FALSE
L601,L,601,Classroom,2 West 13th Street,,1,0,0,0,0,0,0,TRUE,FALSE,FALSE,FALSE,,FALSE,TRUE,FALSE,TRUE,TRUE,TRUE,FALSE
L626,L,626,Classroom,2 West 13th Street,,1,0,0,0,0,0,0,TRUE,FALSE,FALSE,FALSE,,FALSE,FALSE,TRUE,TRUE,TRUE,FALSE,TRUE
L651,L,651,Classroom,2 West 13th Street,,1,0,0,0,0,0,0,TRUE,FALSE,FALSE,FALSE,,TRUE,FALSE,FALSE,TRUE,TRUE,TRUE,FALSE
L676,L,676,Classroom,2 West 13th Street,,1,0,0,0,0,0,0,TRUE,FALSE,FALSE,FALSE,,FALSE,FALSE,FALSE,TRUE,TRUE,FALSE,FALSE
L701,L,701,Classroom,2 West 13th Street,,1,0,0,0,0,0,0,TRUE,FALSE,FALSE,FALSE,,FALSE,TRUE,FALSE,TRUE,TRUE,TRUE,FALSE
L726,L,726,Classroom,2 West 13th Street,,1,0,0,0,0,0,0,TRUE,TRUE,FALSE,FALSE,,FALSE,FALSE,TRUE,TRUE,TRUE,FALSE,TRUE
L751,L,751,Classroom,2 West 13th Street,,1,0,0,0,0,0,0,TRUE,TRUE,FALSE,FALSE,,TRUE,FALSE,FALSE,TRUE,TRUE,TRUE,FALSE
L776,L,776,Classroom,2 West 13th Street,,1,0,0,0,0,0,0,TRUE,TRUE,FALSE,FALSE,,FALSE,FALSE,FALSE,TRUE,TRUE,FALSE,FALSE
L801,L,801,Classroom,2 West 13th Street,,1,0,0,0,0,0,0,TRUE,FALSE,FALSE,FALSE,,FALSE,TRUE,FALSE,TRUE,TRUE,TRUE,FALSE
L826,L,826,Classroom,2 West 13th Street,,1,0,0,0,0,0,0,TRUE,TRUE,TRUE,TRUE,,FALSE,FALSE,TRUE,TRUE,TRUE,FALSE,TRUE
L851,L,851,Classroom,2 West 13th Street,,1,0,0,0,0,0,0,TRUE,FALSE,FALSE,FALSE,,TRUE,FALSE,FALSE,TRUE,TRUE,TRUE,FALSE
L876,L,876,Classroom,2 West 13th Street,,1,0,0,0,0,0,0,TRUE,FALSE,FALSE,FALSE,,FALSE,FALSE,FALSE,TRUE,TRUE,FALSE,FALSE
L901,L,901,Classroom,2 West 13th Street,,1,0,0,0,0,0,0,TRUE,FALSE,FALSE,FALSE,,FALSE,TRUE,FALSE,TRUE,TRUE,TRUE,FALSE
L926,L,926,Classroom,2 West 13th Street,,1,0,0,0,0,0,0,TRUE,TRUE,FALSE,FALSE,,FALSE,FALSE,TRUE,TRUE,TRUE,FALSE,TRUE
M101,M,101,Classroom,2 West 13th Street,,1,0,0,0,0,0,0,TRUE,TRUE,FALSE,FALSE,,TRUE,FALSE,FALSE,TRUE,TRUE,TRUE,FALSE
M100,M,100,Conference Room,2 West 13th Street,The Tree Bark Room,1,0,0,0,0,0,0,TRUE,TRUE,TRUE,TRUE,Bark-covered walls,FALSE,FALSE,FALSE,TRUE,TRUE,FALSE,FALSE
N022,N,022,Classroom,2 West 13th Street,,1,0,0,0,0,0,0,TRUE,FALSE,FALSE,FALSE,,FALSE,TRUE,FALSE,TRUE,TRUE,TRUE,FALSE
N023,N,023,Classroom,2 West 13th Street,,1,0,0,0,0,0,0,TRUE,FALSE,FALSE,FALSE,,FALSE,FALSE,TRUE,TRUE,TRUE,FALSE,TRUE
N024,N,024,Classroom,2 West 13th Street,,1,0,0,0,0,0,0,TRUE,FALSE,FALSE,FALSE,,TRUE,FALSE,FALSE,TRUE,TRUE,TRUE,FALSE
N402,N,402,Classroom,2 West 13th Street,,1,0,0,0,0,0,0,TRUE,TRUE,FALSE,FALSE,,FALSE,FALSE,FALSE,TRUE,TRUE,FALSE,FALSE
N427,N,427,Classroom,2 West 13th Street,,1,0,0,0,0,0,0,TRUE,FALSE,FALSE,FALSE,,FALSE,TRUE,FALSE,TRUE,TRUE,TRUE,FALSE
N452,N,452,Classroom,2 West 13th Street,,1,0,0,0,0,0,0,TRUE,FALSE,FALSE,FALSE,,FALSE,FALSE,TRUE,TRUE,TRUE,FALSE,TRUE
N477,N,477,Classroom,2 West 13th Street,,1,0,0,0,0,0,0,TRUE,FALSE,FALSE,FALSE,,TRUE,FALSE,FALSE,TRUE,TRUE,TRUE,FALSE
N502,N,502,Classroom,2 West 13th Street,,1,0,0,0,0,0,0,TRUE,TRUE,TRUE,TRUE,,FALSE,FALSE,FALSE,TRUE,TRUE,FALSE,FALSE
N527,N,527,Classroom,2 West 13th Street,,1,0,0,0,0,0,0,TRUE,FALSE,FALSE,FALSE,,FALSE,TRUE,FALSE,TRUE,TRUE,TRUE,FALSE
N552,N,552,Classroom,2 West 13th Street,,1,0,0,0,0,0,0,TRUE,TRUE,FALSE,FALSE,,FALSE,FALSE,TRUE,TRUE,TRUE,FALSE,TRUE
N577,N,577,Classroom,2 West 13th Street,,1,0,0,0,0,0,0,TRUE,FALSE,FALSE,FALSE,,TRUE,FALSE,FALSE,TRUE,TRUE,TRUE,FALSE
N602,N,602,Classroom,2 West 13th Street,,1,0,0,0,0,0,0,TRUE,FALSE,FALSE,FALSE,,FALSE,FALSE,FALSE,TRUE,TRUE,FALSE,FALSE
N627,N,627,Classroom,2 West 13th Street,,1,0,0,0,0,0,0,TRUE,FALSE,FALSE,FALSE,,FALSE,TRUE,FALSE,TRUE,TRUE,TRUE,FALSE
N652,N,652,Classroom,2 West 13th Street,,1,0,0,0,0,0,0,TRUE,FALSE,FALSE,FALSE,,FALSE,FALSE,TRUE,TRUE,TRUE,FALSE,TRUE
N677,N,677,Classroom,2 West 13th Street,,1,0,0,0,0,0,0,TRUE,FALSE,FALSE,FALSE,,TRUE,FALSE,FALSE,TRUE,TRUE,TRUE,FALSE
N702,N,702,Classroom,2 West 13th Street,,1,0,0,0,0,0,0,TRUE,TRUE,TRUE,TRUE,,FALSE,FALSE,FALSE,TRUE,TRUE,FALSE,FALSE
N727,N,727,Classroom,2 West 13th Street,,1,0,0,0,0,0,0,TRUE,FALSE,FALSE,FALSE,,FALSE,TRUE,FALSE,TRUE,TRUE,TRUE,FALSE
N752,N,752,Classroom,2 West 13th Street,,1,0,0,0,0,0,0,TRUE,FALSE,FALSE,FALSE,,FALSE,FALSE,TRUE,TRUE,TRUE,FALSE,TRUE
N777,N,777,Classroom,2 West 13th Street,,1,0,0,0,0,0,0,TRUE,FALSE,FALSE,FALSE,,TRUE,FALSE,FALSE,TRUE,TRUE,TRUE,FALSE
N802,N,802,Classroom,2 West 13th Street,,1,0,0,0,0,0,0,TRUE,TRUE,FALSE,FALSE,,FALSE,FALSE,FALSE,TRUE,TRUE,FALSE,FALSE
N827,N,827,Classroom,2 West 13th Street,,1,0,0,0,0,0,0,TRUE,TRUE,FALSE,FALSE,,FALSE,TRUE,FALSE,TRUE,TRUE,TRUE,FALSE
N852,N,852,Classroom,2 West 13th Street,,1,0,0,0,0,0,0,TRUE,TRUE,FALSE,FALSE,,FALSE,FALSE,TRUE,TRUE,TRUE,FALSE,TRUE
N877,N,877,Classroom,2 West 13th Street,,1,0,0,0,0,0,0,TRUE,TRUE,FALSE,FALSE,,TRUE,FALSE,FALSE,TRUE,TRUE,TRUE,FALSE
N902,N,902,Classroom,2 West 13th Street,,1,0,0,0,0,0,0,TRUE,TRUE,TRUE,TRUE,,FALSE,FALSE,FALSE,TRUE,TRUE,FALSE,FALSE
X001,X,001,Classroom,0 0th Street,,0,0,0,0,0,0,0,FALSE,FALSE,FALSE,FALSE,,FALSE,TRUE,FALSE,TRUE,TRUE,TRUE,FALSE
X002,X,002,Classroom,0 0th Street,,0,0,0,0,0,0,0,FALSE,FALSE,FALSE,FALSE,,FALSE,FALSE,TRUE,TRUE,TRUE,FALSE,TRUE
X003,X,003,Classroom,0 0th Street,,0,0,0,0,0,0,0,FALSE,FALSE,FALSE,FALSE,,TRUE,FALSE,FALSE,TRUE,TRUE,TRUE,FALSE
X004,X,004,Classroom,0 0th Street,,0,0,0,0,0,0,0,FALSE,FALSE,FALSE,FALSE,,FALSE,FALSE,FALSE,TRUE,TRUE,FALSE,FALSE
X005,X,005,Classroom,0 0th Street,,0,0,0,0,0,0,0,FALSE,FALSE,FALSE,FALSE,,FALSE,TRUE,FALSE,TRUE,TRUE,TRUE,FALSE
X006,X,006,Classroom,0 0th Street,,0,0,0,0,0,0,0,FALSE,FALSE,FALSE,FALSE,,FALSE,FALSE,TRUE,TRUE,TRUE,FALSE,TRUE
X007,X,007,Classroom,0 0th Street,,0,0,0,0,0,0,0,FALSE,FALSE,FALSE,FALSE,,TRUE,FALSE,FALSE,TRUE,TRUE,TRUE,FALSE
X008,X,008,Classroom,0 0th Street,,0,0,0,0,0,0,0,FALSE,FALSE,FALSE,FALSE,,FALSE,FALSE,FALSE,TRUE,TRUE,FALSE,FALSE
X009,X,009,Classroom,0 0th Street,,0,0,0,0,0,0,0,FALSE,FALSE,FALSE,FALSE,,FALSE,TRUE,FALSE,TRUE,TRUE,TRUE,FALSE
X010,X,010,Classroom,0 0th Street,,0,0,0,0,0,0,0,FALSE,FALSE,FALSE,FALSE,,FALSE,FALSE,TRUE,TRUE,TRUE,FALSE,TRUE
X011,X,011,Classroom,0 0th Street,,0,0,0,0,0,0,0,FALSE,FALSE,FALSE,FALSE,,TRUE,FALSE,FALSE,TRUE,TRUE,TRUE,FALSE
X012,X,012,Classroom,0 0th Street,,0,0,0,0,0,0,0,FALSE,FALSE,FALSE,FALSE,,FALSE,FALSE,FALSE,TRUE,TRUE,FALSE,FALSE
X013,X,013,Classroom,0 0th Street,,0,0,0,0,0,0,0,FALSE,FALSE,FALSE,FALSE,,FALSE,TRUE,FALSE,TRUE,TRUE,TRUE,FALSE
X014,X,014,Classroom,0 0th Street,,0,0,0,0,0,0,0,FALSE,FALSE,FALSE,FALSE,,FALSE,FALSE,TRUE,TRUE,TRUE,FALSE,TRUE
X015,X,015,Classroom,0 0th Street,,0,0,0,0,0,0,0,FALSE,FALSE,FALSE,FALSE,,TRUE,FALSE,FALSE,TRUE,TRUE,TRUE,FALSE
X016,X,016,Classroom,0 0th Street,,0,0,0,0,0,0,0,FALSE,FALSE,FALSE,FALSE,,FALSE,FALSE,FALSE,TRUE,TRUE,FALSE,FALSE
X017,X,017,Classroom,0 0th Street,,0,0,0,0,0,0,0,FALSE,FALSE,FALSE,FALSE,,FALSE,TRUE,FALSE,TRUE,TRUE,TRUE,FALSE
X018,X,018,Classroom,0 0th Street,,0,0,0,0,0,0,0,FALSE,FALSE,FALSE,FALSE,,FALSE,FALSE,TRUE,TRUE,TRUE,FALSE,TRUE
X019,X,019,Classroom,0 0th Street,,0,0,0,0,0,0,0,FALSE,FALSE,FALSE,FALSE,,TRUE,FALSE,FALSE,TRUE,TRUE,TRUE,FALSE
X020,X,020,Classroom,0 0th Street,,0,0,0,0,0,0,0,FALSE,FALSE,FALSE,FALSE,,FALSE,FALSE,FALSE,TRUE,TRUE,FALSE,FALSE
X021,X,021,Classroom,0 0th Street,,0,0,0,0,0,0,0,FALSE,FALSE,FALSE,FALSE,,FALSE,TRUE,FALSE,TRUE,TRUE,TRUE,FALSE
X022,X,022,Classroom,0 0th Street,,0,0,0,0,0,0,0,FALSE,FALSE,FALSE,FALSE,,FALSE,FALSE,TRUE,TRUE,TRUE,FALSE,TRUE
X023,X,023,Classroom,0 0th Street,,0,0,0,0,0,0,0,FALSE,FALSE,FALSE,FALSE,,TRUE,FALSE,FALSE,TRUE,TRUE,TRUE,FALSE
X024,X,024,Classroom,0 0th Street,,0,0,0,0,0,0,0,FALSE,FALSE,FALSE,FALSE,,FALSE,FALSE,FALSE,TRUE,TRUE,FALSE,FALSE
X025,X,025,Classroom,0 0th Street,,0,0,0,0,0,0,0,FALSE,FALSE,FALSE,FALSE,,FALSE,TRUE,FALSE,TRUE,TRUE,TRUE,FALSE
X026,X,026,Classroom,0 0th Street,,0,0,0,0,0,0,0,FALSE,FALSE,FALSE,FALSE,,FALSE,FALSE,TRUE,TRUE,TRUE,FALSE,TRUE
X027,X,027,Classroom,0 0th Street,,0,0,0,0,0,0,0,FALSE,FALSE,FALSE,FALSE,,TRUE,FALSE,FALSE,TRUE,TRUE,TRUE,FALSE
X028,X,028,Classroom,0 0th Street,,0,0,0,0,0,0,0,FALSE,FALSE,FALSE,FALSE,,FALSE,FALSE,FALSE,TRUE,TRUE,FALSE,FALSE
X029,X,029,Classroom,0 0th Street,,0,0,0,0,0,0,0,FALSE,FALSE,FALSE,FALSE,,FALSE,TRUE,FALSE,TRUE,TRUE,TRUE,FALSE
X030,X,030,Classroom,0 0th Street,,0,0,0,0,0,0,0,FALSE,FALSE,FALSE,FALSE,,FALSE,FALSE,TRUE,TRUE,TRUE,FALSE,TRUE
X031,X,031,Classroom,0 0th Street,,0,0,0,0,0,0,0,FALSE,FALSE,FALSE,FALSE,,TRUE,FALSE,FALSE,TRUE,TRUE,TRUE,FALSE
X032,X,032,Classroom,0 0th Street,,0,0,0,0,0,0,0,FALSE,FALSE,FALSE,FALSE,,FALSE,FALSE,FALSE,TRUE,TRUE,FALSE,FALSE
X033,X,033,Classroom,0 0th Street,,0,0,0,0,0,0,0,FALSE,FALSE,FALSE,FALSE,,FALSE,TRUE,FALSE,TRUE,TRUE,TRUE,FALSE
X034,X,034,Classroom,0 0th Street,,0,0,0,0,0,0,0,FALSE,FALSE,FALSE,FALSE,,FALSE,FALSE,TRUE,TRUE,TRUE,FALSE,TRUE
X035,X,035,Classroom,0 0th Street,,0,0,0,0,0,0,0,FALSE,FALSE,FALSE,FALSE,,TRUE,FALSE,FALSE,TRUE,TRUE,TRUE,FALSE
X036,X,036,Classroom,0 0th Street,,0,0,0,0,0,0,0,FALSE,FALSE,FALSE,FALSE,,FALSE,FALSE,FALSE,TRUE,TRUE,FALSE,FALSE
X037,X,037,Classroom,0 0th Street,,0,0,0,0,0,0,0,FALSE,FALSE,FALSE,FALSE,,FALSE,TRUE,FALSE,TRUE,TRUE,TRUE,FALSE
X038,X,038,Classroom,0 0th Street,,0,0,0,0,0,0,0,FALSE,FALSE,FALSE,FALSE,,FALSE,FALSE,TRUE,TRUE,TRUE,FALSE,TRUE
X039,X,039,Classroom,0 0th Street,,0,0,0,0,0,0,0,FALSE,FALSE,FALSE,FALSE,,TRUE,FALSE,FALSE,TRUE,TRUE,TRUE,FALSE
X040,X,040,Classroom,0 0th Street,,0,0,0,0,0,0,0,FALSE,FALSE,FALSE,FALSE,,FALSE,FALSE,FALSE,TRUE,TRUE,FALSE,FALSE
X041,X,041,Classroom,0 0th Street,,0,0,0,0,0,0,0,FALSE,FALSE,FALSE,FALSE,,FALSE,TRUE,FALSE,TRUE,TRUE,TRUE,FALSE
X042,X,042,Classroom,0 0th Street,,0,0,0,0,0,0,0,FALSE,FALSE,FALSE,FALSE,,FALSE,FALSE,TRUE,TRUE,TRUE,FALSE,TRUE
X043,X,043,Classroom,0 0th Street,,0,0,0,0,0,0,0,FALSE,FALSE,FALSE,FALSE,,TRUE,FALSE,FALSE,TRUE,TRUE,TRUE,FALSE
X044,X,044,Classroom,0 0th Street,,0,0,0,0,0,0,0,FALSE,FALSE,FALSE,FALSE,,FALSE,FALSE,FALSE,TRUE,TRUE,FALSE,FALSE
X045,X,045,Classroom,0 0th Street,,0,0,0,0,0,0,0,FALSE,FALSE,FALSE,FALSE,,FALSE,TRUE,FALSE,TRUE,TRUE,TRUE,FALSE
X046,X,046,Classroom,0 0th Street,,0,0,0,0,0,0,0,FALSE,FALSE,FALSE,FALSE,,FALSE,FALSE,TRUE,TRUE,TRUE,FALSE,TRUE
X047,X,047,Classroom,0 0th Street,,0,0,0,0,0,0,0,FALSE,FALSE,FALSE,FALSE,,TRUE,FALSE,FALSE,TRUE,TRUE,TRUE,FALSE
X048,X,048,Classroom,0 0th Street,,0,0,0,0,0,0,0,FALSE,FALSE,FALSE,FALSE,,FALSE,FALSE,FALSE,TRUE,TRUE,FALSE,FALSE
X049,X,049,Classroom,0 0th Street,,0,0,0,0,0,0,0,FALSE,FALSE,FALSE,FALSE,,FALSE,TRUE,FALSE,TRUE,TRUE,TRUE,FALSE
X050,X,050,Classroom,0 0th Street,,0,0,0,0,0,0,0,FALSE,FALSE,FALSE,FALSE,,FALSE,FALSE,TRUE,TRUE,TRUE,FALSE,TRUE
X051,X,051,Classroom,0 0th Street,,0,0,0,0,0,0,0,FALSE,FALSE,FALSE,FALSE,,TRUE,FALSE,FALSE,TRUE,TRUE,TRUE,FALSE
X052,X,052,Classroom,0 0th Street,,0,0,0,0,0,0,0,FALSE,FALSE,FALSE,FALSE,,FALSE,FALSE,FALSE,TRUE,TRUE,FALSE,FALSE
X053,X,053,Classroom,0 0th Street,,0,0,0,0,0,0,0,FALSE,FALSE,FALSE,FALSE,,FALSE,TRUE,FALSE,TRUE,TRUE,TRUE,FALSE
X054,X,054,Classroom,0 0th Street,,0,0,0,0,0,0,0,FALSE,FALSE,FALSE,FALSE,,FALSE,FALSE,TRUE,TRUE,TRUE,FALSE,TRUE
X055,X,055,Classroom,0 0th Street,,0,0,0,0,0,0,0,FALSE,FALSE,FALSE,FALSE,,TRUE,FALSE,FALSE,TRUE,TRUE,TRUE,FALSE
X056,X,056,Classroom,0 0th Street,,0,0,0,0,0,0,0,FALSE,FALSE,FALSE,FALSE,,FALSE,FALSE,FALSE,TRUE,TRUE,FALSE,FALSE
X057,X,057,Classroom,0 0th Street,,0,0,0,0,0,0,0,FALSE,FALSE,FALSE,FALSE,,FALSE,TRUE,FALSE,TRUE,TRUE,TRUE,FALSE
X058,X,058,Classroom,0 0th Street,,0,0,0,0,0,0,0,FALSE,FALSE,FALSE,FALSE,,FALSE,FALSE,TRUE,TRUE,TRUE,FALSE,TRUE
X059,X,059,Classroom,0 0th Street,,0,0,0,0,0,0,0,FALSE,FALSE,FALSE,FALSE,,TRUE,FALSE,FALSE,TRUE,TRUE,TRUE,FALSE
X060,X,060,Classroom,0 0th Street,,0,0,0,0,0,0,0,FALSE,FALSE,FALSE,FALSE,,FALSE,FALSE,FALSE,TRUE,TRUE,FALSE,FALSE
X061,X,061,Classroom,0 0th Street,,0,0,0,0,0,0,0,FALSE,FALSE,FALSE,FALSE,,FALSE,TRUE,FALSE,TRUE,TRUE,TRUE,FALSE
X062,X,062,Classroom,0 0th Street,,0,0,0,0,0,0,0,FALSE,FALSE,FALSE,FALSE,,FALSE,FALSE,TRUE,TRUE,TRUE,FALSE,TRUE
X063,X,063,Classroom,0 0th Street,,0,0,0,0,0,0,0,FALSE,FALSE,FALSE,FALSE,,TRUE,FALSE,FALSE,TRUE,TRUE,TRUE,FALSE
X064,X,064,Classroom,0 0th Street,,0,0,0,0,0,0,0,FALSE,FALSE,FALSE,FALSE,,FALSE,FALSE,FALSE,TRUE,TRUE,FALSE,FALSE
X065,X,065,Classroom,0 0th Street,,0,0,0,0,0,0,0,FALSE,FALSE,FALSE,FALSE,,FALSE,TRUE,FALSE,TRUE,TRUE,TRUE,FALSE
X066,X,066,Classroom,0 0th Street,,0,0,0,0,0,0,0,FALSE,FALSE,FALSE,FALSE,,FALSE,FALSE,TRUE,TRUE,TRUE,FALSE,TRUE
X067,X,067,Classroom,0 0th Street,,0,0,0,0,0,0,0,FALSE,FALSE,FALSE,FALSE,,TRUE,FALSE,FALSE,TRUE,TRUE,TRUE,FALSE
X068,X,068,Classroom,0 0th Street,,0,0,0,0,0,0,0,FALSE,FALSE,FALSE,FALSE,,FALSE,FALSE,FALSE,TRUE,TRUE,FALSE,FALSE
X069,X,069,Classroom,0 0th Street,,0,0,0,0,0,0,0,FALSE,FALSE,FALSE,FALSE,,FALSE,TRUE,FALSE,TRUE,TRUE,TRUE,FALSE
X070,X,070,Classroom,0 0th Street,,0,0,0,0,0,0,0,FALSE,FALSE,FALSE,FALSE,,FALSE,FALSE,TRUE,TRUE,TRUE,FALSE,TRUE
X071,X,071,Classroom,0 0th Street,,0,0,0,0,0,0,0,FALSE,FALSE,FALSE,FALSE,,TRUE,FALSE,FALSE,TRUE,TRUE,TRUE,FALSE
X072,X,072,Classroom,0 0th Street,,0,0,0,0,0,0,0,FALSE,FALSE,FALSE,FALSE,,FALSE,FALSE,FALSE,TRUE,TRUE,FALSE,FALSE
X073,X,073,Classroom,0 0th Street,,0,0,0,0,0,0,0,FALSE,FALSE,FALSE,FALSE,,FALSE,TRUE,FALSE,TRUE,TRUE,TRUE,FALSE
X074,X,074,Classroom,0 0th Street,,0,0,0,0,0,0,0,FALSE,FALSE,FALSE,FALSE,,FALSE,FALSE,TRUE,TRUE,TRUE,FALSE,TRUE
X075,X,075,Classroom,0 0th Street,,0,0,0,0,0,0,0,FALSE,FALSE,FALSE,FALSE,,TRUE,FALSE,FALSE,TRUE,TRUE,TRUE,FALSE
X076,X,076,Classroom,0 0th Street,,0,0,0,0,0,0,0,FALSE,FALSE,FALSE,FALSE,,FALSE,FALSE,FALSE,TRUE,TRUE,FALSE,FALSE
X077,X,077,Classroom,0 0th Street,,0,0,0,0,0,0,0,FALSE,FALSE,FALSE,FALSE,,FALSE,TRUE,FALSE,TRUE,TRUE,TRUE,FALSE
X078,X,078,Classroom,0 0th Street,,0,0,0,0,0,0,0,FALSE,FALSE,FALSE,FALSE,,FALSE,FALSE,TRUE,TRUE,TRUE,FALSE,TRUE
X079,X,079,Classroom,0 0th Street,,0,0,0,0,0,0,0,FALSE,FALSE,FALSE,FALSE,,TRUE,FALSE,FALSE,TRUE,TRUE,TRUE,FALSE
X080,X,080,Classroom,0 0th Street,,0,0,0,0,0,0,0,FALSE,FALSE,FALSE,FALSE,,FALSE,FALSE,FALSE,TRUE,TRUE,FALSE,FALSE
X081,X,081,Classroom,0 0th Street,,0,0,0,0,0,0,0,FALSE,FALSE,FALSE,FALSE,,FALSE,TRUE,FALSE,TRUE,TRUE,TRUE,FALSE
X082,X,082,Classroom,0 0th Street,,0,0,0,0,0,0,0,FALSE,FALSE,FALSE,FALSE,,FALSE,FALSE,TRUE,TRUE,TRUE,FALSE,TRUE
X083,X,083,Classroom,0 0th Street,,0,0,0,0,0,0,0,FALSE,FALSE,FALSE,FALSE,,TRUE,FALSE,FALSE,TRUE,TRUE,TRUE,FALSE
X084,X,084,Classroom,0 0th Street,,0,0,0,0,0,0,0,FALSE,FALSE,FALSE,FALSE,,FALSE,FALSE,FALSE,TRUE,TRUE,FALSE,FALSE
X085,X,085,Classroom,0 0th Street,,0,0,0,0,0,0,0,FALSE,FALSE,FALSE,FALSE,,FALSE,TRUE,FALSE,TRUE,TRUE,TRUE,FALSE
X086,X,086,Classroom,0 0th Street,,0,0,0,0,0,0,0,FALSE,FALSE,FALSE,FALSE,,FALSE,FALSE,TRUE,TRUE,TRUE,FALSE,TRUE
X087,X,087,Classroom,0 0th Street,,0,0,0,0,0,0,0,FALSE,FALSE,FALSE,FALSE,,TRUE,FALSE,FALSE,TRUE,TRUE,TRUE,FALSE
X088,X,088,Classroom,0 0th Street,,0,0,0,0,0,0,0,FALSE,FALSE,FALSE,FALSE,,FALSE,FALSE,FALSE,TRUE,TRUE,FALSE,FALSE
X089,X,089,Classroom,0 0th Street,,0,0,0,0,0,0,0,FALSE,FALSE,FALSE,FALSE,,FALSE,TRUE,FALSE,TRUE,TRUE,TRUE,FALSE
X090,X,090,Classroom,0 0th Street,,0,0,0,0,0,0,0,FALSE,FALSE,FALSE,FALSE,,FALSE,FALSE,TRUE,TRUE,TRUE,FALSE,TRUE
X091,X,091,Classroom,0 0th Street,,0,0,0,0,0,0,0,FALSE,FALSE,FALSE,FALSE,,TRUE,FALSE,FALSE,TRUE,TRUE,TRUE,FALSE
X092,X,092,Classroom,0 0th Street,,0,0,0,0,0,0,0,FALSE,FALSE,FALSE,FALSE,,FALSE,FALSE,FALSE,TRUE,TRUE,FALSE,FALSE
X093,X,093,Classroom,0 0th Street,,0,0,0,0,0,0,0,FALSE,FALSE,FALSE,FALSE,,FALSE,TRUE,FALSE,TRUE,TRUE,TRUE,FALSE
X094,X,094,Classroom,0 0th Street,,0,0,0,0,0,0,0,FALSE,FALSE,FALSE,FALSE,,FALSE,FALSE,TRUE,TRUE,TRUE,FALSE,TRUE
X095,X,095,Classroom,0 0th Street,,0,0,0,0,0,0,0,FALSE,FALSE,FALSE,FALSE,,TRUE,FALSE,FALSE,TRUE,TRUE,TRUE,FALSE
X096,X,096,Classroom,0 0th Street,,0,0,0,0,0,0,0,FALSE,FALSE,FALSE,FALSE,,FALSE,FALSE,FALSE,TRUE,TRUE,FALSE,FALSE
X097,X,097,Classroom,0 0th Street,,0,0,0,0,0,0,0,FALSE,FALSE,FALSE,FALSE,,FALSE,TRUE,FALSE,TRUE,TRUE,TRUE,FALSE
X098,X,098,Classroom,0 0th Street,,0,0,0,0,0,0,0,FALSE,FALSE,FALSE,FALSE,,FALSE,FALSE,TRUE,TRUE,TRUE,FALSE,TRUE
X099,X,099,Classroom,0 0th Street,,0,0,0,0,0,0,0,FALSE,FALSE,FALSE,FALSE,,TRUE,FALSE,FALSE,TRUE,TRUE,TRUE,FALSE
X100,X,100,Classroom,0 0th Street,,0,0,0,0,0,0,0,FALSE,FALSE,FALSE,FALSE,,FALSE,FALSE,FALSE,TRUE,TRUE,FALSE,FALSE
X101,X,101,Classroom,0 0th Street,,0,0,0,0,0,0,0,FALSE,FALSE,FALSE,FALSE,,FALSE,TRUE,FALSE,TRUE,TRUE,TRUE,FALSE
X102,X,102,Classroom,0 0th Street,,0,0,0,0,0,0,0,FALSE,FALSE,FALSE,FALSE,,FALSE,FALSE,TRUE,TRUE,TRUE,FALSE,TRUE
X103,X,103,Classroom,0 0th Street,,0,0,0,0,0,0,0,FALSE,FALSE,FALSE,FALSE,,TRUE,FALSE,FALSE,TRUE,TRUE,TRUE,FALSE
X104,X,104,Classroom,0 0th Street,,0,0,0,0,0,0,0,FALSE,FALSE,FALSE,FALSE,,FALSE,FALSE,FALSE,TRUE,TRUE,FALSE,FALSE
X105,X,105,Classroom,0 0th Street,,0,0,0,0,0,0,0,FALSE,FALSE,FALSE,FALSE,,FALSE,TRUE,FALSE,TRUE,TRUE,TRUE,FALSE
X106,X,106,Classroom,0 0th Street,,0,0,0,0,0,0,0,FALSE,FALSE,FALSE,FALSE,,FALSE,FALSE,TRUE,TRUE,TRUE,FALSE,TRUE
X107,X,107,Classroom,0 0th Street,,0,0,0,0,0,0,0,FALSE,FALSE,FALSE,FALSE,,TRUE,FALSE,FALSE,TRUE,TRUE,TRUE,FALSE
X108,X,108,Classroom,0 0th Street,,0,0,0,0,0,0,0,FALSE,FALSE,FALSE,FALSE,,FALSE,FALSE,FALSE,TRUE,TRUE,FALSE,FALSE
X109,X,109,Classroom,0 0th Street,,0,0,0,0,0,0,0,FALSE,FALSE,FALSE,FALSE,,FALSE,TRUE,FALSE,TRUE,TRUE,TRUE,FALSE
X110,X,110,Classroom,0 0th Street,,0,0,0,0,0,0,0,FALSE,FALSE,FALSE,FALSE,,FALSE,FALSE,TRUE,TRUE,TRUE,FALSE,TRUE
X111,X,111,Classroom,0 0th Street,,0,0,0,0,0,0,0,FALSE,FALSE,FALSE,FALSE,,TRUE,FALSE,FALSE,TRUE,TRUE,TRUE,FALSE
X112,X,112,Classroom,0 0th Street,,0,0,0,0,0,0,0,FALSE,FALSE,FALSE,FALSE,,FALSE,FALSE,FALSE,TRUE,TRUE,FALSE,FALSE
X113,X,113,Classroom,0 0th Street,,0,0,0,0,0,0,0,FALSE,FALSE,FALSE,FALSE,,FALSE,TRUE,FALSE,TRUE,TRUE,TRUE,FALSE
X114,X,114,Classroom,0 0th Street,,0,0,0,0,0,0,0,FALSE,FALSE,FALSE,FALSE,,FALSE,FALSE,TRUE,TRUE,TRUE,FALSE,TRUE
X115,X,115,Classroom,0 0th Street,,0,0,0,0,0,0,0,FALSE,FALSE,FALSE,FALSE,,TRUE,FALSE,FALSE,TRUE,TRUE,TRUE,FALSE
X116,X,116,Classroom,0 0th Street,,0,0,0,0,0,0,0,FALSE,FALSE,FALSE,FALSE,,FALSE,FALSE,FALSE,TRUE,TRUE,FALSE,FALSE
X117,X,117,Classroom,0 0th Street,,0,0,0,0,0,0,0,FALSE,FALSE,FALSE,FALSE,,FALSE,TRUE,FALSE,TRUE,TRUE,TRUE,FALSE
X118,X,118,Classroom,0 0th Street,,0,0,0,0,0,0,0,FALSE,FALSE,FALSE,FALSE,,FALSE,FALSE,TRUE,TRUE,TRUE,FALSE,TRUE
X119,X,119,Classroom,0 0th Street,,0,0,0,0,0,0,0,FALSE,FALSE,FALSE,FALSE,,TRUE,FALSE,FALSE,TRUE,TRUE,TRUE,FALSE
X119,X,119,Classroom,0 0th Street,,0,0,0,0,0,0,0,FALSE,FALSE,FALSE,FALSE,,FALSE,FALSE,FALSE,TRUE,TRUE,FALSE,FALSE