Rank,PlayerX,Cl,Pos,G,RushYds,RecYds,PuntRetYds,KORetYds,IntRetYds,MiscYds,Plays,Yds,YPG,player,school,conf
1"D'Wayne Eskridge, Western Mich. (MAC)",Sr.,WR,3,0,457,0,278,0,0,24,735,245.00,D'Wayne Eskridge,Western Mich.,MAC
2,"Justin Hall, Ball St. (MAC)",Sr.,WR,3,109,252,-2,222,0,0,38,581193.67,Justin Hall,Ball St.,MAC
3,"De'Montre Tuggle, Ohio (MAC)",Sr.,RB,2,218,2,0,160,0,0,42,380,190.00,De'Montre Tuggle,Ohio,MAC
4,"Mohamed Ibrahim, Minnesota (Big Ten)",Jr.,RB,5,817,56,0,47,0,0,165,920,184.00,Mohamed Ibrahim,Minnesota,Big Ten
5,"Ronnie Rivers, Fresno St. (Mountain West)",Sr.,RB,4,439,227,410,0,0,108,707,176.75,Ronnie Rivers,Fresno St.,Mountain West
6,"Jarek Broussard, Colorado (Pac-12)",So.,RB,2,308,22,0,13,0,0,62,343,171.50,Jarek Broussard,Colorado,Pac-12
7,"Jaret Patterson, Buffalo (MAC)",Jr.,RB,3,455,56,0,0,0,0,71511170.33,Jaret Patterson,Buffalo,MAC
8,"Romeo Doubs, Nevada (Mountain West)",Jr.,WR,4,-4,645,39,0,0,0,38,680,170.00,Romeo Doubs,Nevada,Mountain West
9,"Travell Harris, Washington St. (Pac-12)",Jr.,WR,2,54,2010,83,0,0,24,338,169.00,Travell Harris,Washington St.,Pac-12
10,"Trayvon Rudolph, Northern Ill. (MAC)",Fr.,WR,3,0,157,8,334,0,0,24,499,166.33,Trayvon Rudolph,Northern Ill.,MAC
11"Khalil Herbert, Virginia Tech (ACC)",Sr.,RB,8,852,1210,330,0,0,121"1303",162.88,Khalil Herbert,Virginia Tech,ACC
12,"Breece Hall, Iowa St. (Big 12)",So.,RB,7,"1034",88,0,0,0,0,180,"1122",160.29,Breece Hall,Iowa St.,Big 12
13,"Elijah Moore, Ole Miss (SEC)",Jr.,WR,7,62,"1054",-10,0,0,88,"1115",159.29,Elijah Moore,Ole Miss,SEC
14,"Travis Etienne, Clemson (ACC)",Sr.,RB,8,634,49144,95,0,0,163,"1264",158.00,Travis Etienne,Clemson,ACC
15,"Xazavian Valladay, Wyoming (Mountain West)",Jr.,RB,3,397,76,0,0,0,0,93,473,157.67,Xazavian Valladay,Wyoming,Mountain West
16,"Tayvian Cunningham, Arizona (Pac-12)",Sr.,WR,10,110,0,44,0,0,8,154,154.00,Tayvian Cunningham,Arizona,Pac-12
17,"Greg Bell, San Diego St. (Mountain West)",Sr.,RB,4,537,72,0,0,0,0,94,609,152.25,Greg Bell,San Diego St.,Mountain West
18,"Teon Dollard, Akron (MAC)",Jr.,RB,3,434,22,0,0,0,0,72,456,152.00,Teon Dollard,Akron,MAC
18,"Jermar Jefferson, Oregon St. (Pac-12)",Jr.,RB,2,253,510,0,0,0,50,304,152.00,Jermar Jefferson,Oregon St.,Pac-12
20,"Champ Flemings, Oregon St. (Pac-12)",Jr.,WR,2,8,63,0,232,0,0,17,303,151.50,Champ Flemings,Oregon St.,Pac-12
21"Demetric Felton, UCLA (Pac-12)",Sr.,RB,2,164,74,0,63,0,0,48,301150.50,Demetric Felton,UCLA,Pac-12
22,"Caleb Huntley, Ball St. (MAC)",Sr.,RB,3,437,13,0,0,0,0,81450,150.00,Caleb Huntley,Ball St.,MAC
23,"Najee Harris, Alabama (SEC)",Sr.,RB,6,714,183,0,0,0,0,144,897,149.50,Najee Harris,Alabama,SEC
24,"Michael Carter, North Carolina (ACC)",Sr.,RB,8,807,229,0,156,0,0,145,"1192",149.00,Michael Carter,North Carolina,ACC
24,"Garrett Wilson, Ohio St. (Big Ten)",So.,WR,3,67,344,32,4,0,0,30,447,149.00,Garrett Wilson,Ohio St.,Big Ten
26,"Tank Bigsby, Auburn (SEC)",Fr.,RB,6,503,84,0,306,0,0,113,893,148.83,Tank Bigsby,Auburn,SEC
27,"Rachaad White, Arizona St. (Pac-12)",Jr.,RB,176,70,0,0,0,0,15,146,146.00,Rachaad White,Arizona St.,Pac-12
28,"CJ Verdell, Oregon (Pac-12)",Jr.,RB,2,223,66,0,0,0,0,45,289,144.50,CJ Verdell,Oregon,Pac-12
29,"Amon-Ra St. Brown, Southern California (Pac-12)",Jr.,WR,2,0,213,32,43,0,0,20,288,144.00,Amon-Ra St. Brown,Southern California,Pac-12
30,"Nathaniel Peat, Stanford (Pac-12)",So.,RB,2,114,0,0,172,0,0,18,286,143.00,Nathaniel Peat,Stanford,Pac-12
31"Bryant Koback, Toledo (MAC)",Jr.,RB,3,301125,0,0,0,0,81426,142.00,Bryant Koback,Toledo,MAC
32,"Jaelon Darden, North Texas (C-USA)",Sr.,WR,5,0,689,20,0,0,0,49,709,141.80,Jaelon Darden,North Texas,C-USA
33,"Austin Trammell, Rice (C-USA)",Sr.,WR,2,0,219,4,57,0,0,15,280,140.00,Austin Trammell,Rice,C-USA
34,"Javonte Williams, North Carolina (ACC)",Jr.,RB,8,868,247,0,0,0,0,138,"1115",139.38,Javonte Williams,North Carolina,ACC
35,"Jahmyr Gibbs, Georgia Tech (ACC)",Fr.,RB,6,369,255,0,205,0,0,111829,138.17,Jahmyr Gibbs,Georgia Tech,ACC
36,"Jeremiah Knight, Akron (MAC)",Jr.,RB,3,104,18,0,290,0,0,37,412,137.33,Jeremiah Knight,Akron,MAC
37,"Marlon Williams, UCF (AAC)",Sr.,WR,7,0,942,6,0,0,0,66,948,135.43,Marlon Williams,UCF,AAC
38,"Leddie Brown, West Virginia (Big 12)",Jr.,RB,8,897,184,0,0,0,0,192,"1081",135.12,Leddie Brown,West Virginia,Big 12
39,"Lexington Joseph, FIU (C-USA)",So.,RB,3,30,7,0,368,0,0,21405,135.00,Lexington Joseph,FIU,C-USA
40,"Deon McIntosh, Washington St. (Pac-12)",Sr.,RB,2,239,29,0,0,0,0,35,268,134.00,Deon McIntosh,Washington St.,Pac-12
41"DeVonta Smith, Alabama (SEC)",Sr.,WR,6,2,759,0,42,0,0,60,803,133.83,DeVonta Smith,Alabama,SEC
42,"Gary Brightwell, Arizona (Pac-12)",Sr.,RB,1112,20,0,0,0,0,24,132,132.00,Gary Brightwell,Arizona,Pac-12
42,"Kobe Lewis, Central Mich. (MAC)",Jr.,RB,3,285,34,0,77,0,0,69,396,132.00,Kobe Lewis,Central Mich.,MAC
44,"Kevin Harris, South Carolina (SEC)",So.,RB,7,817,99,0,0,0,0,144,916,130.86,Kevin Harris,South Carolina,SEC
45,"Zander Horvath, Purdue (Big Ten)",Jr.,RB,4,318,205,0,0,0,0,85,523,130.75,Zander Horvath,Purdue,Big Ten
46,"Jerrion Ealy, Ole Miss (SEC)",So.,RB,7,608,113,0,189,0,0,137,910,130.00,Jerrion Ealy,Ole Miss,SEC
47,"Trestan Ebner, Baylor (Big 12)",Sr.,RB,6,75,224,22,453,0,0,68,774,129.00,Trestan Ebner,Baylor,Big 12
48,"Sincere McCormick, UTSA (C-USA)",So.,RB,8,921109,0,0,0,0,186,"1030",128.75,Sincere McCormick,UTSA,C-USA
49,"Khalil Shakir, Boise St. (Mountain West)",Jr.,WR,4,108,399,0,0,0,0,37,507,126.75,Khalil Shakir,Boise St.,Mountain West
50,"Isaiah McKoy, Kent St. (MAC)",Jr.,WR,3,0,318,0,62,0,0,25,380,126.67,Isaiah McKoy,Kent St.,MAC
51"Jaylen Waddle, Alabama (SEC)",Jr.,WR,5,12,557,13,39,0,0,34,621124.20,Jaylen Waddle,Alabama,SEC
52,"Kyren Williams, Notre Dame (ACC)",So.,RB,8,777,215,0,0,0,0,154,992,124.00,Kyren Williams,Notre Dame,ACC
53,"Jake Funk, Maryland (Big Ten)",Sr.,RB,3,336,35,0,0,0,0,49,371123.67,Jake Funk,Maryland,Big Ten
54,"D'vonte Price, FIU (C-USA)",Sr.,RB,4,4818,0,0,0,0,63,489,122.25,D'vonte Price,FIU,C-USA
55,"Isaiah Spiller, Texas A&M (SEC)",So.,RB,6,643,87,0,0,0,0,109,730,121.67,Isaiah Spiller,Texas A&M,SEC
56,"Sean McGrew, Washington (Pac-12)",Sr.,RB,1910,0,29,0,0,11120,120.00,Sean McGrew,Washington,Pac-12
57,"Javian Hawkins, Louisville (ACC)",Jr.,RB,8,822,127,0,0,0,0,149,949,118.62,Javian Hawkins,Louisville,ACC
58,"Brenden Knox, Marshall (C-USA)",Jr.,RB,7,744,82,0,0,0,0,154,826,118.00,Brenden Knox,Marshall,C-USA
59,"Jaylon Robinson, UCF (AAC)",So.,WR,7,0,822,0,0,0,0,41822,117.43,Jaylon Robinson,UCF,AAC
60,"Bailey Gaither, San Jose St. (Mountain West)",Sr.,WR,4,0,432,37,0,0,0,32,469,117.25,Bailey Gaither,San Jose St.,Mountain West
61"Kalil Pimpleton, Central Mich. (MAC)",Jr.,WR,3,142,139,39,28,0,0,27,348,116.00,Kalil Pimpleton,Central Mich.,MAC
62,"Calvin Austin, Memphis (AAC)",Jr.,WR,6,14,647,27,0,0,0,44,688,114.67,Calvin Austin,Memphis,AAC
63,"Bo Melton, Rutgers (Big Ten)",Sr.,WR,4,1334,58,65,0,0,22,458,114.50,Bo Melton,Rutgers,Big Ten
63,"Chris Smith, Louisiana (Sun Belt)",Jr.,RB,8,290,128,0,498,0,0,78,916,114.50,Chris Smith,Louisiana,Sun Belt
65,"Aron Cruickshank, Rutgers (Big Ten)",Jr.,WR,4,21123,0,312,0,0,39,456,114.00,Aron Cruickshank,Rutgers,Big Ten
66,"Toa Taua, Nevada (Mountain West)",Jr.,RB,3,255,59,0,27,0,0,52,341113.67,Toa Taua,Nevada,Mountain West
67,"Tyler  Goodson, Iowa (Big Ten)",So.,RB,4,375,79,0,0,0,0,71454,113.50,Tyler  Goodson,Iowa,Big Ten
68,"Travis Dye, Oregon (Pac-12)",Jr.,RB,2,132,87,6,0,0,0,14,225,112.50,Travis Dye,Oregon,Pac-12
69,"Ulysses  Bentley IV, SMU (AAC)",Fr.,RB,9,877,133,0,0,0,0,175,"1010",112.22,Ulysses  Bentley IV,SMU,AAC
70,"Jayden Daniels, Arizona St. (Pac-12)",So.,QB,11110,0,0,0,0,11111111.00,Jayden Daniels,Arizona St.,Pac-12
70,"DeAndre Torrey, North Texas (C-USA)",Sr.,RB,5,444,0,0,1110,0,72,555,111.00,DeAndre Torrey,North Texas,C-USA
72,"Spencer Brown, UAB (C-USA)",Sr.,RB,7,740,35,0,0,0,0,161775,110.71Spencer Brown,UAB,C-USA
73,"Tyler Snead, East Carolina (AAC)",So.,WR,7,68,357,47,298,0,0,67,770,110.00,Tyler Snead,East Carolina,AAC
73,"Sean Tyler, Western Mich. (MAC)",So.,RB,3,262,68,0,0,0,0,47,330,110.00,Sean Tyler,Western Mich.,MAC
75,"Bryson Denley, Bowling Green (MAC)",Sr.,RB,3,70,0,0,259,0,0,31329,109.67,Bryson Denley,Bowling Green,MAC
75,"Thomas Pannunzio, Colorado St. (Mountain West)",Jr.,DB,3,10,32,296,0,0,17,329,109.67,Thomas Pannunzio,Colorado St.,Mountain West
77,"Renard Bell, Washington St. (Pac-12)",Sr.,WR,2,0,218,0,0,0,0,16,218,109.00,Renard Bell,Washington St.,Pac-12
77,"Dimitri Stanley, Colorado (Pac-12)",So.,WR,2,-1192,24,3,0,0,18,218,109.00,Dimitri Stanley,Colorado,Pac-12
79,"Dax Milne, BYU (FBS Independent)",Jr.,WR,8,60,805,3,0,0,0,62,868,108.50,Dax Milne,BYU,FBS Independent
79,"Jayden Reed, Michigan St. (Big Ten)",So.,WR,4,5,216,0,213,0,0,35,434,108.50,Jayden Reed,Michigan St.,Big Ten
81"Tyleek Collins, UNLV (Mountain West)",Jr.,WR,4,-5,112,27,299,0,0,29,433,108.25,Tyleek Collins,UNLV,Mountain West
82,"Eric Gray, Tennessee (SEC)",So.,RB,6,478,150,210,0,0,131649,108.17,Eric Gray,Tennessee,SEC
83,"Terrace Marshall Jr., LSU (SEC)",Jr.,WR,5,0,540,0,0,0,0,31540,108.00,Terrace Marshall Jr.,LSU,SEC
84,"Destin Coates, Georgia St. (Sun Belt)",Jr.,RB,6,58158,0,0,0,0,136,639,106.50,Destin Coates,Georgia St.,Sun Belt
85,"David Bell, Purdue (Big Ten)",So.,WR,4,0,425,0,0,0,0,39,425,106.25,David Bell,Purdue,Big Ten
86,"Ty Fryfogle, Indiana (Big Ten)",Sr.,WR,4,0,424,0,0,0,0,24,424,106.00,Ty Fryfogle,Indiana,Big Ten
87,"Chuba Hubbard, Oklahoma St. (Big 12)",Jr.,RB,6,58152,0,0,0,0,133,633,105.50,Chuba Hubbard,Oklahoma St.,Big 12
88,"Deuce Vaughn, Kansas St. (Big 12)",Fr.,RB,7,371366,0,0,0,0,103,737,105.29,Deuce Vaughn,Kansas St.,Big 12
89,"Jahan Dotson, Penn St. (Big Ten)",Jr.,WR,4,0,388,32,0,0,0,25,420,105.00,Jahan Dotson,Penn St.,Big Ten
90,"Johnny Ford, South Fla. (AAC)",So.,RB,7,285,125,0,3210,0,83,731104.43,Johnny Ford,South Fla.,AAC
91"Gerrid Doaks, Cincinnati (AAC)",Sr.,RB,7,563,166,0,0,0,0,120,729,104.14,Gerrid Doaks,Cincinnati,AAC
92,"Jonathan Adams, Jr., Arkansas St. (Sun Belt)",Sr.,WR,8,0,832,0,0,0,0,60,832,104.00,Jonathan Adams,Jr.,Sun Belt
93,"Wesley Kennedy III, Ga. Southern (Sun Belt)",Sr.,RB,7,376,156,65,129,0,0,76,726,103.71Wesley Kennedy III,Ga. Southern,Sun Belt
94,"Antonio Nunn, Buffalo (MAC)",Sr.,WR,3,0,309,0,2,0,0,18,311103.67,Antonio Nunn,Buffalo,MAC
94,"Tyrice Richie, Northern Ill. (MAC)",Sr.,WR,3,27,284,0,0,0,0,33,311103.67,Tyrice Richie,Northern Ill.,MAC
96,"Dyami Brown, North Carolina (ACC)",Jr.,WR,8,0,829,0,0,0,0,45,829,103.62,Dyami Brown,North Carolina,ACC
97,"Zonovan Knight, NC State (ACC)",So.,RB,8,545,1110,169,0,0,117,825,103.12,Zonovan Knight,NC State,ACC
98,"Amare Jones, Tulane (AAC)",Jr.,RB,9,37187,31439,0,0,93,928,103.11Amare Jones,Tulane,AAC
99,"Greg Dulcich, UCLA (Pac-12)",So.,TE,2,0,206,0,0,0,0,7,206,103.00,Greg Dulcich,UCLA,Pac-12
100,"Elijah Mitchell, Louisiana (Sun Belt)",Sr.,RB,7,563,93,0,63,0,0,116,719,102.71Elijah Mitchell,Louisiana,Sun Belt
101"Savon Scarver, Utah St. (Mountain West)",Sr.,WR,3,0,16,0,2910,0,12,307,102.33,Savon Scarver,Utah St.,Mountain West
102,"Zamir White, Georgia (SEC)",So.,RB,6,509,26,0,78,0,0,104,613,102.17,Zamir White,Georgia,SEC
103,"Kawaan Baker, South Alabama (Sun Belt)",Sr.,WR,8,17,5710,226,0,0,62,814,101.75,Kawaan Baker,South Alabama,Sun Belt
104,"Daetrich Harrington, App State (Sun Belt)",Jr.,RB,6,595,15,0,0,0,0,108,610,101.67,Daetrich Harrington,App State,Sun Belt
105,"Tyler Allgeier, BYU (FBS Independent)",So.,RB,8,710,102,0,0,0,0,115,812,101.50,Tyler Allgeier,BYU,FBS Independent
105,"Juma Otoviano, Rice (C-USA)",So.,RB,2,195,8,0,0,0,0,46,203,101.50,Juma Otoviano,Rice,C-USA
107,"Aaron McAllister, Charlotte (C-USA)",Sr.,RB,5,254,90,0,157,0,0,47,501100.20,Aaron McAllister,Charlotte,C-USA
108,"Malik Willis, Liberty (FBS Independent)",Jr.,QB,7,700,0,0,0,0,0,98,700,100.00,Malik Willis,Liberty,FBS Independent
109,"Donavon Greene, Wake Forest (ACC)",Fr.,WR,7,0,460,0,238,0,0,30,698,99.71Donavon Greene,Wake Forest,ACC
110,"Terrell Bynum, Washington (Pac-12)",Jr.,WR,133,66,0,0,0,0,6,99,99.00,Terrell Bynum,Washington,Pac-12
110,"Kearis Jackson, Georgia (SEC)",So.,WR,6,0,396,43,155,0,0,40,594,99.00,Kearis Jackson,Georgia,SEC
112,"Reggie Todd, Troy (Sun Belt)",Sr.,WR,7,0,358,0,332,0,0,42,690,98.57,Reggie Todd,Troy,Sun Belt
113,"Hendon Hooker, Virginia Tech (ACC)",Jr.,QB,6,574,16,0,0,0,0,104,590,98.33,Hendon Hooker,Virginia Tech,ACC
114,"Tylan Wallace, Oklahoma St. (Big 12)",Sr.,WR,6,0,588,0,0,0,0,36,588,98.00,Tylan Wallace,Oklahoma St.,Big 12
115,"Amari Rodgers, Clemson (ACC)",Sr.,WR,8,0,720,62,0,0,0,56,782,97.75,Amari Rodgers,Clemson,ACC
116,"Javion Heiligh, Coastal Carolina (Sun Belt)",Jr.,WR,7,0,610,74,0,0,0,43,684,97.71Javion Heiligh,Coastal Carolina,Sun Belt
117,"Nykeim Johnson, Syracuse (ACC)",Sr.,WR,9,90,250,142,395,0,0,50,877,97.44,Nykeim Johnson,Syracuse,ACC
118,"Rashod Bateman, Minnesota (Big Ten)",Jr.,WR,5,0,487,0,0,0,0,36,487,97.40,Rashod Bateman,Minnesota,Big Ten
119,"Drake London, Southern California (Pac-12)",So.,WR,2,0,193,0,0,0,0,12,193,96.50,Drake London,Southern California,Pac-12
120,"Kaylon Geiger, Troy (Sun Belt)",Sr.,WR,7,16,523,0,134,0,0,51673,96.14,Kaylon Geiger,Troy,Sun Belt
121"Jadan Blue, Temple (AAC)",Jr.,WR,6,3,3710,202,0,0,53,576,96.00,Jadan Blue,Temple,AAC
121"Chris Olave, Ohio St. (Big Ten)",Jr.,WR,3,0,288,0,0,0,0,18,288,96.00,Chris Olave,Ohio St.,Big Ten
121"Kadarius Toney, Florida (SEC)",Sr.,WR,6,80,396,60,40,0,0,56,576,96.00,Kadarius Toney,Florida,SEC
124,"Avery Williams, Boise St. (Mountain West)",Sr.,CB,4,0,0,88,295,0,0,21383,95.75,Avery Williams,Boise St.,Mountain West
125,"Kene Nwangwu, Iowa St. (Big 12)",Sr.,RB,7,179,22,0,465,0,0,43,666,95.14,Kene Nwangwu,Iowa St.,Big 12
126,"Jaylen Warren, Utah St. (Mountain West)",Sr.,RB,3,252,33,0,0,0,0,44,285,95.00,Jaylen Warren,Utah St.,Mountain West
127,"Treylon Burks, Arkansas (SEC)",So.,WR,6,57,508,4,0,0,0,46,569,94.83,Treylon Burks,Arkansas,SEC
128,"Gunner Romney, BYU (FBS Independent)",Jr.,WR,7,10,648,0,0,0,0,35,658,94.00,Gunner Romney,BYU,FBS Independent
129,"Jaquarii Roberson, Wake Forest (ACC)",So.,WR,7,0,657,0,0,0,0,45,657,93.86,Jaquarii Roberson,Wake Forest,ACC
130,"Ainias Smith, Texas A&M (SEC)",So.,RB,6,187,312,62,0,0,0,7156193.50,Ainias Smith,Texas A&M,SEC
131"Shi Smith, South Carolina (SEC)",Sr.,WR,7,8,596,0,47,0,0,6165193.00,Shi Smith,South Carolina,SEC
132,"Larry Rountree, Missouri (SEC)",Sr.,RB,5,432,30,0,0,0,0,109,462,92.40,Larry Rountree,Missouri,SEC
133,"Winston Wright, West Virginia (Big 12)",So.,WR,8,4,494,0,238,0,0,54,736,92.00,Winston Wright,West Virginia,Big 12
134,"Otis Anderson, UCF (AAC)",Sr.,RB,7,563,56,23,0,0,0,109,642,91.71Otis Anderson,UCF,AAC
135,"J.D. King, Ga. Southern (Sun Belt)",Sr.,RB,7,625,14,0,0,0,0,119,639,91.29,J.D. King,Ga. Southern,Sun Belt
136,"Isaih Pacheco, Rutgers (Big Ten)",Jr.,RB,4,286,79,0,0,0,0,67,365,91.25,Isaih Pacheco,Rutgers,Big Ten
136,"Calvin Turner Jr, Hawaii (Mountain West)",Sr.,RB,4,138,227,0,0,0,0,31365,91.25,Calvin Turner Jr,Hawaii,Mountain West
138,"CJ Marable, Coastal Carolina (Sun Belt)",Sr.,RB,7,370,154,0,112,0,0,125,636,90.86,CJ Marable,Coastal Carolina,Sun Belt
139,"Jordan Byrd, San Diego St. (Mountain West)",Jr.,RB,4,177,12,34,140,0,0,31363,90.75,Jordan Byrd,San Diego St.,Mountain West
140,"Giles Jackson, Michigan (Big Ten)",So.,WR,4,5,117,45,195,0,0,26,362,90.50,Giles Jackson,Michigan,Big Ten
141"Shedro Louis, Liberty (FBS Independent)",So.,RB,8,427,48,0,248,0,0,69,723,90.38,Shedro Louis,Liberty,FBS Independent
142,"Dahu Green, Arkansas St. (Sun Belt)",Sr.,WR,6,0,542,0,0,0,0,32,542,90.33,Dahu Green,Arkansas St.,Sun Belt
142,"Kevin Marks, Buffalo (MAC)",Jr.,RB,3,2317,0,33,0,0,40,27190.33,Kevin Marks,Buffalo,MAC
144,"Jeremiah Haydel, Texas St. (Sun Belt)",Sr.,WR,10,30,305,183,382,0,0,60,900,90.00,Jeremiah Haydel,Texas St.,Sun Belt
145,"Jordan Addison, Pittsburgh (ACC)",Fr.,WR,8,53,61115,39,0,0,63,718,89.75,Jordan Addison,Pittsburgh,ACC
146,"Jalen Cropper, Fresno St. (Mountain West)",So.,WR,4,25,279,0,54,0,0,24,358,89.50,Jalen Cropper,Fresno St.,Mountain West
146,"Austin Jones, Stanford (Pac-12)",So.,RB,2,109,70,0,0,0,0,38,179,89.50,Austin Jones,Stanford,Pac-12
146,"Charles Williams, UNLV (Mountain West)",Sr.,RB,4,323,35,0,0,0,0,94,358,89.50,Charles Williams,UNLV,Mountain West
149,"Trey McBride, Colorado St. (Mountain West)",Jr.,TE,3,0,268,0,0,0,0,17,268,89.33,Trey McBride,Colorado St.,Mountain West
150,"Keylon Stokes, Tulsa (AAC)",Sr.,WR,6,45,446,43,0,0,0,48,534,89.00,Keylon Stokes,Tulsa,AAC
151"Josh Kelly, Fresno St. (Mountain West)",Fr.,WR,4,0,198,0,157,0,0,19,355,88.75,Josh Kelly,Fresno St.,Mountain West
152,"Isiah Cox, Ohio (MAC)",Sr.,WR,2,28,129,20,0,0,0,11177,88.50,Isiah Cox,Ohio,MAC
152,"Jack Sorenson, Miami (OH) (MAC)",Sr.,WR,2,0,177,0,0,0,0,10,177,88.50,Jack Sorenson,Miami,OH
154,"Wayne Toussant, Louisiana Tech (C-USA)",So.,WR,7,0,157,0,462,0,0,29,619,88.43,Wayne Toussant,Louisiana Tech,C-USA
155,"Rodrigues Clark, Memphis (AAC)",So.,RB,6,476,35,0,19,0,0,115,530,88.33,Rodrigues Clark,Memphis,AAC
156,"Marvin Mims, Oklahoma (Big 12)",Fr.,WR,7,17,418,157,19,0,0,37,61187.29,Marvin Mims,Oklahoma,Big 12
157,"Christian Beal-Smith, Wake Forest (ACC)",Jr.,RB,7,592,18,0,0,0,0,109,610,87.14,Christian Beal-Smith,Wake Forest,ACC
158,"Kenneth Walker III, Wake Forest (ACC)",So.,RB,7,579,30,0,0,0,0,122,609,87.00,Kenneth Walker III,Wake Forest,ACC
159,"Tahj Washington, Memphis (AAC)",Fr.,WR,6,3,400,0,116,0,0,27,519,86.50,Tahj Washington,Memphis,AAC
160,"Tyrell Robinson, Army West Point (FBS Independent)",Fr.,RB,8,347,89,104,150,0,0,68,690,86.25,Tyrell Robinson,Army West Point,FBS Independent
161"John Metchie, Alabama (SEC)",So.,WR,6,0,517,0,0,0,0,24,517,86.17,John Metchie,Alabama,SEC
162,"Stevie Scott III, Indiana (Big Ten)",Jr.,RB,4,319,25,0,0,0,0,96,344,86.00,Stevie Scott III,Indiana,Big Ten
163,"Carlos Davis, South Alabama (Sun Belt)",So.,RB,8,604,82,0,0,0,0,148,686,85.75,Carlos Davis,South Alabama,Sun Belt
164,"Danny Gray, SMU (AAC)",Jr.,WR,8,30,448,26,180,0,0,47,684,85.50,Danny Gray,SMU,AAC
165,"Seth Williams, Auburn (SEC)",Jr.,WR,6,0,5110,0,0,0,28,51185.17,Seth Williams,Auburn,SEC
166,"Billy Kemp, Virginia (ACC)",Jr.,WR,7,22,448,47,76,0,0,64,593,84.71Billy Kemp,Virginia,ACC
167,"La'Darius Jefferson, Western Mich. (MAC)",Jr.,RB,3,254,0,0,0,0,0,51254,84.67,La'Darius Jefferson,Western Mich.,MAC
168,"DeaMonte Trayanum, Arizona St. (Pac-12)",Fr.,RB,184,0,0,0,0,0,12,84,84.00,DeaMonte Trayanum,Arizona St.,Pac-12
169,"Chris Tyree, Notre Dame (ACC)",Fr.,RB,8,334,15,0,320,0,0,76,669,83.62,Chris Tyree,Notre Dame,ACC
170,"Lew Nichols, Central Mich. (MAC)",Fr.,RB,3,141109,0,0,0,0,37,250,83.33,Lew Nichols,Central Mich.,MAC
171"Jalen Tolbert, South Alabama (Sun Belt)",Jr.,WR,8,0,666,0,0,0,0,44,666,83.25,Jalen Tolbert,South Alabama,Sun Belt
172,"Justin Garrett, UTEP (C-USA)",Sr.,WR,7,0,498,23,610,0,46,582,83.14,Justin Garrett,UTEP,C-USA
172,"Greg McCrae, UCF (AAC)",Sr.,RB,7,532,50,0,0,0,0,106,582,83.14,Greg McCrae,UCF,AAC
174,"Kyle Porter, Houston (AAC)",Sr.,RB,5,324,910,0,0,0,91415,83.00,Kyle Porter,Houston,AAC
174,"Tyler Shough, Oregon (Pac-12)",So.,QB,2,166,0,0,0,0,0,20,166,83.00,Tyler Shough,Oregon,Pac-12
176,"Kyle Pitts, Florida (SEC)",Jr.,TE,5,0,414,0,0,0,0,24,414,82.80,Kyle Pitts,Florida,SEC
177,"Marquez Cooper, Kent St. (MAC)",Fr.,RB,3,234,14,0,0,0,0,45,248,82.67,Marquez Cooper,Kent St.,MAC
177,"Deion  Hankins, UTEP (C-USA)",Fr.,RB,6,493,3,0,0,0,0,100,496,82.67,Deion  Hankins,UTEP,C-USA
177,"Master Teague, Ohio St. (Big Ten)",Jr.,RB,3,21137,0,0,0,0,50,248,82.67,Master Teague,Ohio St.,Big Ten
180,"Randle Jones, Temple (AAC)",Sr.,WR,5,6,370,0,37,0,0,35,413,82.60,Randle Jones,Temple,AAC
181"Rahjai Harris, East Carolina (AAC)",Fr.,RB,7,559,19,0,0,0,0,119,578,82.57,Rahjai Harris,East Carolina,AAC
181"Sean Tucker, Syracuse (ACC)",Fr.,RB,7,507,710,0,0,0,103,578,82.57,Sean Tucker,Syracuse,ACC
183,"Cole Turner, Nevada (Mountain West)",Jr.,TE,4,0,329,0,0,0,0,21329,82.25,Cole Turner,Nevada,Mountain West
184,"T.J. Pledger, Oklahoma (Big 12)",Jr.,RB,6,393,79,0,20,0,0,90,492,82.00,T.J. Pledger,Oklahoma,Big 12
185,"Jacob  Cowing, UTEP (C-USA)",So.,WR,7,0,573,0,0,0,0,36,573,81.86,Jacob  Cowing,UTEP,C-USA
186,"Mataeo Durant, Duke (ACC)",Jr.,RB,8,592,59,0,0,0,0,88,65181.38,Mataeo Durant,Duke,ACC
187,"Ronnie Bell, Michigan (Big Ten)",Jr.,WR,4,0,325,0,0,0,0,18,325,81.25,Ronnie Bell,Michigan,Big Ten
188,"DJ Turner, Pittsburgh (ACC)",Sr.,WR,8,35,336,94,183,0,0,48,648,81.00,DJ Turner,Pittsburgh,ACC
189,"Simi Fehoko, Stanford (Pac-12)",Jr.,WR,2,-1162,0,0,0,0,9,16180.50,Simi Fehoko,Stanford,Pac-12
189,"Roshauud Paul, Arkansas St. (Sun Belt)",Jr.,WR,8,0,155,12,477,0,0,37,644,80.50,Roshauud Paul,Arkansas St.,Sun Belt
189,"Dorian Thompson-Robinson, UCLA (Pac-12)",Jr.,QB,2,1610,0,0,0,0,2116180.50,Dorian Thompson-Robinson,UCLA,Pac-12
192,"Deon Jackson, Duke (ACC)",Sr.,RB,8,580,63,0,0,0,0,136,643,80.38,Deon Jackson,Duke,ACC
193,"Christopher Rodriguez Jr., Kentucky (SEC)",So.,RB,7,562,0,0,0,0,0,88,562,80.29,Christopher Rodriguez Jr.,Kentucky,SEC
194,"Jake Bailey, Rice (C-USA)",So.,WR,2,17,67,0,76,0,0,10,160,80.00,Jake Bailey,Rice,C-USA
195,"Quian Williams, Eastern Mich. (MAC)",Jr.,WR,3,0,137,0,102,0,0,18,239,79.67,Quian Williams,Eastern Mich.,MAC
196,"Trelon Smith, Arkansas (SEC)",Jr.,RB,7,441115,0,0,0,0,96,556,79.43,Trelon Smith,Arkansas,SEC
197,"Yo'Heinz Tyler, Ball St. (MAC)",Jr.,WR,3,0,238,0,0,0,0,19,238,79.33,Yo'Heinz Tyler,Ball St.,MAC
198,"Tyler Badie, Missouri (SEC)",Jr.,RB,5,119,146,0,1310,0,46,396,79.20,Tyler Badie,Missouri,SEC
199,"Trey Ragas, Louisiana (Sun Belt)",Sr.,RB,8,522,95,0,12,0,0,103,629,78.62,Trey Ragas,Louisiana,Sun Belt
200,"Chase Brown, Illinois (Big Ten)",So.,RB,4,247,3,0,62,0,0,41312,78.00,Chase Brown,Illinois,Big Ten
200,"Danny Davis III, Wisconsin (Big Ten)",Sr.,WR,2,69,78,9,0,0,0,13,156,78.00,Danny Davis III,Wisconsin,Big Ten
200,"Devyn Ford, Penn St. (Big Ten)",So.,RB,4,207,16,0,89,0,0,62,312,78.00,Devyn Ford,Penn St.,Big Ten