RoomType	BuildingCode	RoomNumber	StationPlatform	PCQty	MacQty	SoftwareConfigurations	PresentationDevicesInstructions	RoomExtension	SupportContact	Specialty	Hours	Enter value "1" to add entry to "Media Services Spaces" Worksheet.  Leave blank to omit.	Enter value "1" to add entry to "Technology Lab Spaces"  Leave blank to omit.	Enter value "1" to add entry to "Classroom Technology" worksheet.  Leave blank to omit.
Classroom	A (66 West 12th St.)	001	Mac & Windows PC		1	Mac Standard Software	Blu-ray, DVD, VHS, Aux HDMI & DVI connection, HD Projector (A4 type)		IT Service Desk 212.229.5300 x4357		Today's Classroom Schedule			1
Classroom	A (66 West 12th St.)	002	Mac & Windows PC		1	Mac Standard Software	DVD, VHS (B1 type)		IT Service Desk 212.229.5300 x4357		Today's Classroom Schedule			1
Event Space	A (66 West 12th St.)	1st floor, Tishman Auditorium							 Media Services 212.229.5300 x2310			1		
Classroom	A (66 West 12th St.)	306	SVGA Only				DVD, VHS (B1 type)		Media Services 212.229.5300 x2310		Today's Classroom Schedule			1
Classroom	A (66 West 12th St.)	403	SVGA Only				DVD, VHS (B4 type)		Media Services 212.229.5300 x2310		Today's Classroom Schedule			1
Classroom	A (66 West 12th St.)	404	Mac		1	Mac Standard Software	DVD, VHS (B1 type)		Media Services 212.229.5300 x2310	 	Today's Classroom Schedule			1
Classroom	A (66 West 12th St.)	405 	SVGA Only				DVD, VHS (B4 type)		Media Services 212.229.5300 x2310		Today's Classroom Schedule			1
Classroom	A (66 West 12th St.)	406	Mac		1	Mac Standard Software	Blu-ray, DVD, VHS, Aux HDMI & DVI connection, HD Projector, Document Camera, Video Conferencing* (A4 type)		Media Services 212.229.5300 x2310 *(Video conferencing requires advanced coordination with the Lang Dean's Office)		Today's Classroom Schedule	1		1
Classroom	A (66 West 12th St.)	407	Mac		1	Mac Standard Software	DVD, VHS (B1 type)		Media Services 212.229.5300 x2310		Today's Classroom Schedule			1
Classroom	A (66 West 12th St.)	410	Mac		1	Mac Standard Software	DVD, VHS (B1 type)		IT Service Desk 212.229.5300 x4357		Today's Classroom Schedule			1
Classroom	A (66 West 12th St.)	501	Mac		1	Mac Standard Software	DVD, VHS (B1 type)		IT Service Desk 212.229.5300 x4357		Today's Classroom Schedule			1
Classroom	A (66 West 12th St.)	502	Mac		1	Mac Standard Software	DVD, VHS (B1 type)		IT Service Desk 212.229.5300 x4357		Today's Classroom Schedule			1
Classroom	A (66 West 12th St.)	509	Mac		1	Mac Standard Software	DVD, VHS (B1 type)		IT Service Desk 212.229.5300 x4357		Today's Classroom Schedule			1
Event Space	A (66 West 12th St.)	510                         Malcom Klein	SVGA Only				DVD, VHS		Media Services 212.229.5300 x2310			1		
Classroom	A (66 West 12th St.)	513	Mac		1	Mac Standard Software	DVD, VHS (B1 type)		IT Service Desk 212.229.5300 x4357		Today's Classroom Schedule			1
Classroom	A (66 West 12th St.)	517	Mac		1	Mac Standard Software	DVD, VHS (B1 type)		IT Service Desk 212.229.5300 x4357		Today's Classroom Schedule			1
Classroom	A (66 West 12th St.)	518	Mac		1	Mac Standard Software	DVD, VHS (B1 type)		IT Service Desk 212.229.5300 x4357		Today's Classroom Schedule			1
Classroom	A (66 West 12th St.)	601	Mac		1	Mac Standard Software	DVD, VHS (B1 type)		IT Service Desk 212.229.5300 x4357		Today's Classroom Schedule			1
Classroom	A (66 West 12th St.)	602	Mac		1	Mac Standard Software	DVD, VHS (B1 type)		IT Service Desk 212.229.5300 x4357		Today's Classroom Schedule			1
Classroom	A (66 West 12th St.)	615	Mac		1	Mac Standard Software	DVD, VHS (B1 type)		IT Service Desk 212.229.5300 x4357		Today's Classroom Schedule			1
Classroom	A (66 West 12th St.)	617	Mac		1	Mac Standard Software	DVD, VHS (B1 type)		IT Service Desk 212.229.5300 x4357		Today's Classroom Schedule			1
Classroom	A (66 West 12th St.)	618	Mac		1	Mac Standard Software	DVD, VHS (B1 type)		IT Service Desk 212.229.5300 x4357		Today's Classroom Schedule			1
Classroom	A (66 West 12th St.)	701	Mac		1	Mac Standard Software	DVD, VHS (B1 type)		IT Service Desk 212.229.5300 x4357		Today's Classroom Schedule			1
Classroom	A (66 West 12th St.)	702	Mac		1	Mac Standard Software	DVD, VHS (B1 type)		IT Service Desk 212.229.5300 x4357		Today's Classroom Schedule			1
Event Space	A (66 West 12th St.)	712         Orozco	SVGA Only						IT Service Desk 212.229.5300 x4357			1		
Experimental Classroom	A (66 West 12th St.)	713	Mac		1	Mac Standard Software	Blu-ray & DVD from PC, Document Camera, Stream & Capture device		Media Services 212.229.5300 x2310		Today's Classroom Schedule			1
Classroom	A (66 West 12th St.)	715	Mac		1	Mac Standard Software	DVD, VHS (B1 type)		IT Service Desk 212.229.5300 x4357		Today's Classroom Schedule			1
Classroom	A (66 West 12th St.)	716	Mac		1	Mac Standard Software	DVD, VHS (B1 type)		IT Service Desk 212.229.5300 x4357		Today's Classroom Schedule			1
Conference Room	A (66 West 12th St.)	801	Mac (Mac & Windows PC OS)		1	Mac & Windows PC Standard Software	Blu-ray, DVD, Aux HDMI & DVI connection, HD Projector, 2x 65" LCD, Document Camera, Video Conferencing*		Media Services 212.229.5300 x2310		Contact Provost's Office to schedule	1		
Classroom	B (65 West 11th St.)	050	Mac		1	Mac Standard Software	DVD, VHS, Document Camera, Video Conferencing (B2 type)		Media Services 212.229.5300 x2310 *(Video conferencing requires advanced coordination with the Lang Dean's Office via email to spiegelJ@newschool.edu)		Today's Classroom Schedule			1
Express Stations	B (65 West 11th St.)	073	Mac		13	Mac Express Software			IT Service Desk 212.229.5300 x4357	B&W Printing (remote support)			1	
Classroom	B (65 West 11th St.)	102	Mac		1	Mac Standard Software	DVD, VHS (B2 type)		IT Service Desk 212.229.5300 x4357		Today's Classroom Schedule			1
Classroom	B (65 West 11th St.)	258	Mac		1	Mac Standard Software	DVD, VHS (B2 type)		IT Service Desk 212.229.5300 x4357		Today's Classroom Schedule			1
Classroom	B (65 West 11th St.)	259	Mac		1	Mac Standard Software	DVD, VHS (B2 type)		IT Service Desk 212.229.5300 x4357		Today's Classroom Schedule			1
Classroom	B (65 West 11th St.)	260	Mac		1	Mac Standard Software	DVD, VHS (B2 type)		IT Service Desk 212.229.5300 x4357		Today's Classroom Schedule			1
Classroom	B (65 West 11th St.)	261	Mac		1	Mac Standard Software	DVD, VHS (B2 type)		IT Service Desk 212.229.5300 x4357		Today's Classroom Schedule			1
Classroom	B (65 West 11th St.)	262	Mac		1	Mac Standard Software	DVD, VHS (B2 type)		IT Service Desk 212.229.5300 x4357		Today's Classroom Schedule			1
Classroom	B (65 West 11th St.)	263	Mac		1	Mac Standard Software	DVD, VHS (B2 type)		IT Service Desk 212.229.5300 x4357		Today's Classroom Schedule			1
Conference Room	B (65 West 11th St.)	354C	Mac		1	Mac Standard Software	DVD, VHS, Document Camera, Video Conferencing* (B1 type)		Media Services 212.229.5300 x2310 *(Video conferencing requires advanced coordination with the Lang Dean's Office via email to spiegelJ@newschool.edu)			1		
Classroom Lang Science Lab	B (65 West 11th St.)	459	Mac		1	Mac Standard Software	DVD, VHS (B1 type)		IT Service Desk 212.229.5300 x4357	Flatbed Scanner				1
Classroom	B (65 West 11th St.)	464	Mac		1	Mac Standard Software	Blu-ray, DVD, VHS, Aux HDMI & DVI connection, HD Projector, Document Camera, Video Conferencing* (A4 type)		Media Services 212.229.5300 x2310 *(Video conferencing requires advanced coordination with the Lang Dean's Office via email to spiegelJ@newschool.edu)		Today's Classroom Schedule	1		1
Classroom	B (65 West 11th St.)	465	Mac		1	Mac Standard Software	DVD, VHS (B2 type)		IT Service Desk 212.229.5300 x4357		Today's Classroom Schedule			1
Event Space	B (65 West 11th St.)	500 Wollman Hall							Media Services 212.229.5300 x2310			1		
Express Stations	D (6 East 16th St.)	1000	Mac		6	Mac Express Software			IT Service Desk 212.229.5300 x4357	B&W Printing ProColor Printing  Plotter Printing			1	
Classroom	D (6 East 16th St.)	1001	Mac		1	Mac Standard Software	DVD, VHS (B1 type)		IT Service Desk 212.229.5300 x4357	B&W Printing ProColor Printing  Plotter Printing	Todays Classroom Schedule			1
Classroom	D (6 East 16th St.)	1002	Mac		1	Mac Standard Software	DVD, VHS (B1 type)		IT Service Desk 212.229.5300 x4357	B&W Printing ProColor Printing  Plotter Printing	Todays Classroom Schedule			1
Classroom	D (6 East 16th St.)	1003	Mac		1	Mac Standard Software	DVD, VHS (B1 type)		IT Service Desk 212.229.5300 x4357	B&W Printing ProColor Printing  Plotter Printing	Todays Classroom Schedule			1
Classroom	D (6 East 16th St.)	1004	Mac		1	Mac Standard Software	DVD, VHS (B1 type)		IT Service Desk 212.229.5300 x4357	B&W Printing ProColor Printing  Plotter Printing	Todays Classroom Schedule			1
Classroom	D (6 East 16th St.)	1005	SVGA Only				DVD, VHS (B1 type)		IT Service Desk 212.229.5300 x4357	B&W Printing ProColor Printing  Plotter Printing	Todays Classroom Schedule			1
Classroom	D (6 East 16th St.)	1006	Mac		1	Mac Standard Software	DVD, VHS (B1 type)		IT Service Desk 212.229.5300 x4357	B&W Printing ProColor Printing  Plotter Printing	Todays Classroom Schedule			1
Classroom	D (6 East 16th St.)	1008	Mac		1	Mac Standard Software	DVD, VHS (B1 type)		IT Service Desk 212.229.5300 x4357	B&W Printing ProColor Printing  Plotter Printing	Todays Classroom Schedule			1
Classroom	D (6 East 16th St.)	1009	Mac		1	Mac Standard Software	DVD, VHS (A1 type)		IT Service Desk 212.229.5300 x4357	B&W Printing ProColor Printing  Plotter Printing	Todays Classroom Schedule			1
Express Stations	D (6 East 16th St.)	1100	Mac		6	Mac Express Software			IT Service Desk 212.229.5300 x4357	B&W Printing ProColor Printing  Plotter Printing			1	
Classroom	D (6 East 16th St.)	1101	Mac		1	Mac Standard Software	DVD, VHS (B1 type)		IT Service Desk 212.229.5300 x4357	B&W Printing ProColor Printing  Plotter Printing	Todays Classroom Schedule			1
Classroom	D (6 East 16th St.)	1102	Mac		1	Mac Standard Software	DVD, VHS (B1 type)		IT Service Desk 212.229.5300 x4357	B&W Printing ProColor Printing  Plotter Printing	Todays Classroom Schedule			1
Event Space	D (6 East 16th St.)	1103	Mac		1	Mac Standard Software	DVD, VHS (A1 type)		Media Services 212.229.5300 x2310	B&W Printing ProColor Printing  Plotter Printing	Todays Classroom Schedule	1		
Classroom	D (6 East 16th St.)	1104	Mac		1	Mac Standard Software	DVD, VHS (B1 type)		IT Service Desk 212.229.5300 x4357	B&W Printing ProColor Printing  Plotter Printing	Todays Classroom Schedule			1
Classroom	D (6 East 16th St.)	1106	Mac		1	Mac Standard Software	DVD, VHS (B1 type)		IT Service Desk 212.229.5300 x4357	B&W Printing ProColor Printing  Plotter Printing	Todays Classroom Schedule			1
Classroom	D (6 East 16th St.)	1107	Mac		1	Mac Standard Software	DVD, VHS (B1 type)		IT Service Desk 212.229.5300 x4357	B&W Printing ProColor Printing  Plotter Printing	Todays Classroom Schedule			1
Classroom	D (6 East 16th St.)	1108	Mac		1	Mac Standard Software	DVD, VHS (B1 type)		IT Service Desk 212.229.5300 x4357	B&W Printing ProColor Printing  Plotter Printing	Todays Classroom Schedule			1
Classroom	D (6 East 16th St.)	1109	Mac		21	Mac Standard Software + Avid	Blu-ray, DVD, VHS (A1 type)		IT Service Desk 212.229.5300 x4357	B&W Printing ProColor Printing  Plotter Printing  3 flatbed scanners: D1109-04, 11, 17  SD Card Reader: D1109 01, 11, 21	Todays Classroom Schedule			1
Open Lab	D (6 East 16th St.)	1131	Windows PC	11		Windows PC Standard & Accessibility Software			IT Service Desk 212.229.5300 x4357	B&W Printing ProColor Printing  Plotter Printing  2 flatbed scanners: D1131-05, 07  1 Large Format Scanner: D1131-01  ADF (Automatic Document Feeder) Text Scanner: D1131-11 (with scanning for the visually impaired)	Lab Hours		1	
Classroom	D (6 East 16th St.)	1132	Mac		1	Mac Standard Software	DVD, VHS (B1 type)		IT Service Desk 212.229.5300 x4357	B&W Printing ProColor Printing  Plotter Printing	Todays Classroom Schedule			1
Express Stations	D (6 East 16th St.)	1212	Mac		4	Mac Express Software			IT Service Desk 212.229.5300 x4357	B&W Printing ProColor Printing  Plotter Printing			1	
Conference Room	D (6 East 16th St.)	1613	Mac		1	Mac Express Software			Media Services 212.229.5300 x2310			1		
Conference Room	D (6 East 16th St.)	1618	Mac		1	Mac Express Software	Aux HDMI & VGA connection, HD Projector, 2x 80" LCD, Video Conferencing*		Media Services 212.229.5300 x2310		Todays Classroom Schedule	1		
Conference Room	D (6 East 16th St.)	1621	SVGA & HDMI Only				52in. LCD, SVGA & HDMI Only (B4 type)		Media Services 212.229.5300 x2310					
Conference Room	D (6 East 16th St.)	1645	Windows PC	1		Windows PC Express Software			Media Services 212.229.5300 x2310			1		
 Classroom	D (6 East 16th St.)	1828	SVGA Only				DVD, VHS, Cable Box (B1 type)		Media Services 212.229.5300 x2310	B&W Printing ProColor Printing  Plotter Printing	Todays Classroom Schedule			1
Conference Room 	D (6 East 16th St.)	501	SVGA Only				DVD, VHS (B1 type)		IT Service Desk 212.229.5300 x4357			1		
Classroom	D (6 East 16th St.)	706	Windows PC	24		Windows PC Standard Software	DVD, VHS (B1 type)		IT Service Desk 212.229.5300 x4357	B&W Printing ProColor Printing  Plotter Printing  Drafting Tables	Today's Classroom Schedule			1
Classroom	D (6 East 16th St.)	605	Mac		20	Mac Standard Software	HD Projector, (2) Large Flat Screen Displays		IT Service Desk 212.229.5300 x4357	B&W Printing Color Printing Photo Printing (Photo Dept. Only)	Todays Classroom Schedule	1		
Classroom	D (6 East 16th St.)	607	Mac		20	Mac Standard Software	HD Projector, (8) Large Flat Screen Displays, Any station to any display		IT Service Desk 212.229.5300 x4357	B&W Printing Color Printing 	Todays Classroom Schedule	1		
Classroom	D (6 East 16th St.)	602	Mac		20	Mac Standard Software	(2) HD Projector, (2) Large Flat Screen Displays		IT Service Desk 212.229.5300 x4357	B&W Printing Color Printing 	Todays Classroom Schedule	1		
Conference Room	D (6 East 16th St.)	604	Mac		1	Mac Standard Software	Flat Screen Display,  HDMI, VGA, Wireless Video Connection		IT Service Desk 212.229.5300 x4357	B&W Printing Color Printing 				
Conference Room	D (6 East 16th St.)	608	Mac		1	Mac Standard Software	Flat Screen Display,  HDMI, VGA, Wireless Video Connection		IT Service Desk 212.229.5300 x4357	B&W Printing Color Printing 				
Classroom	D (6 East 16th St.)	600	Mac		1	Mac & Windows PC Standard Software	HD Projector,  HDMI, VGA, Annotation		IT Service Desk 212.229.5300 x4357	B&W Printing Color Printing 	Todays Classroom Schedule	1		
Classroom	D (6 East 16th St.)	601	Mac		1	Mac & Windows PC Standard Software	HD Projector,  HDMI, VGA, Annotation		IT Service Desk 212.229.5300 x4357	B&W Printing Color Printing 	Todays Classroom Schedule	1		
Classroom	D (6 East 16th St.)	603	Mac		1	Mac & Windows PC Standard Software	HD Projector,  HDMI, VGA, Annotation		IT Service Desk 212.229.5300 x4357	B&W Printing Color Printing 	Todays Classroom Schedule	1		
Classroom	D (6 East 16th St.)	609	Mac		1	Mac & Windows PC Standard Software	HD Projector,  HDMI, VGA, Annotation, LIghting Grid		IT Service Desk 212.229.5300 x4357	B&W Printing Color Printing 	Todays Classroom Schedule	1		
Classroom	D (6 East 16th St.)	610	Mac		1	Mac & Windows PC Standard Software	HD Projector,  HDMI, VGA, Annotation, Lighting Grid		IT Service Desk 212.229.5300 x4357	B&W Printing Color Printing 	Todays Classroom Schedule	1		
Classroom	D (6 East 16th St.)	611	Mac		1	Mac & Windows PC Standard Software	HD Projector,  4K Flat Panel Display,  7.1 Surround Sound, HDMI, VGA, Annotation		IT Service Desk 212.229.5300 x4357	B&W Printing Color Printing 	Todays Classroom Schedule	1		
Classroom	D (6 East 16th St.)	701	Windows PC	20		Windows PC Standard Software	DVD, VHS (B1 type)		IT Service Desk 212.229.5300 x4357	B&W Printing ProColor Printing  Plotter Printing	Today's Classroom Schedule			
Classroom	D (6 East 16th St.)	703	Mac 	20		Mac Standard Software	DVD, VHS (B1 type)		IT Service Desk 212.229.5300 x4357	B&W Printing ProColor Printing  Plotter Printing Photo Printing  (Photo Dpt. Only)	Today's Classroom Schedule			
Classroom	D (6 East 16th St.)	704	Mac		1	Mac Standard Software	DVD, VHS (B1 type)		IT Service Desk 212.229.5300 x4357	B&W Printing ProColor Printing  Plotter Printing	Today's Classroom Schedule			1
Classroom	D (6 East 16th St.)	705	Mac		1	Mac Standard Software	DVD, VHS (B1 type)		IT Service Desk 212.229.5300 x4357	B&W Printing ProColor Printing  Plotter Printing	Today's Classroom Schedule			1
Classroom	D (6 East 16th St.)	706	Windows PC	24		Windows PC Standard Software	DVD, VHS (B1 type)		IT Service Desk 212.229.5300 x4357	B&W Printing ProColor Printing  Plotter Printing  Drafting Tables	Today's Classroom Schedule			1
Open Lab	D (6 East 16th St.)	707	Windows PC	3		Windows PC Standard Software			IT Service Desk 212.229.5300 x4357	B&W Printing ProColor Printing  Plotter Printing  3 Large Format Scanners: D707-01 through 03	Lab Hours		1	
Classroom	D (6 East 16th St.)	708	Windows PC	24		Windows PC Standard Software	DVD, VHS (B1 type)		IT Service Desk 212.229.5300 x4357	B&W Printing ProColor Printing  Plotter Printing  Drafting Tables	Today's Classroom Schedule			1
Conference Room	D (6 East 16th St.)	709	SVGA Only				DVD, VHS (B1 type)		Media Services 212.229.5300 x2310			1		
Express Stations	D (6 East 16th St.)	710	Windows PC	2		Windows PC Express Software			IT Service Desk 212.229.5300 x4357	B&W Printing ProColor Printing  Plotter Printing			1	
Classroom	D (6 East 16th St.)	734	Mac		1	Mac Standard Software	DVD, VHS (B1 type)		IT Service Desk 212.229.5300 x4357	B&W Printing ProColor Printing  Plotter Printing	Today's Classroom Schedule			1
Conference Room	D (6 East 16th St.)	805	Mac		1	Mac & Windows PC Standard Software	65" LCD		IT Service Desk 212.229.5300 x4357			1		1
Conference Room	D (6 East 16th St.)	808	Mac		1	Mac & Windows PC Standard Software	65" LCD		IT Service Desk 212.229.5300 x4357					
Conference Room	D (6 East 16th St.)	809	Mac		1	Mac & Windows PC Standard Software	65" LCD		IT Service Desk 212.229.5300 x4357					
Conference Room	D (6 East 16th St.)	819	Mac		1	Mac & Windows PC Standard Software	65" LCD		IT Service Desk 212.229.5300 x4357					
Express Stations	D (6 East 16th St.)	900	Mac	6		Mac Express Software			IT Service Desk 212.229.5300 x4357	B&W Printing ProColor Printing  Plotter Printing			1	
Classroom	D (6 East 16th St.)	901	Mac		1	Mac Standard Software	DVD, VHS (B1 type)		IT Service Desk 212.229.5300 x4357	B&W Printing ProColor Printing  Plotter Printing	Today's Classroom Schedule			1
Classroom	D (6 East 16th St.)	902	Mac		1	Mac Standard Software	DVD, VHS (B1 type)		IT Service Desk 212.229.5300 x4357	B&W Printing ProColor Printing  Plotter Printing	Today's Classroom Schedule			1
Classroom	D (6 East 16th St.)	903	Mac		1	Mac Standard Software	DVD, VHS (B1 type)		IT Service Desk 212.229.5300 x4357	B&W Printing ProColor Printing  Plotter Printing	Today's Classroom Schedule			1
Classroom	D (6 East 16th St.)	904	Mac		1	Mac Standard Software	DVD, VHS (B1 type)		IT Service Desk 212.229.5300 x4357	B&W Printing ProColor Printing  Plotter Printing	Today's Classroom Schedule			1
Classroom	D (6 East 16th St.)	906	Mac		1	Mac Standard Software	DVD, VHS (B1 type)		IT Service Desk 212.229.5300 x4357	B&W Printing ProColor Printing  Plotter Printing	Today's Classroom Schedule			1
Classroom	D (6 East 16th St.)	908	Mac		1	Mac Standard Software	DVD, VHS (B1 type)		IT Service Desk 212.229.5300 x4357	B&W Printing ProColor Printing  Plotter Printing	Today's Classroom Schedule			1
Classroom	D (6 East 16th St.)	909	Mac		1	Mac Standard Software	DVD, VHS (B1 type)		IT Service Desk 212.229.5300 x4357	B&W Printing ProColor Printing  Plotter Printing	Today's Classroom Schedule			1
Classroom	D (6 East 16th St.)	910	Mac		1	Mac Standard Software	DVD, VHS (B1 type)		IT Service Desk 212.229.5300 x4357	B&W Printing ProColor Printing  Plotter Printing	Today's Classroom Schedule			1
Classroom	D (6 East 16th St.)	911	Mac		1	Mac Standard Software	DVD, VHS (B1 type)		IT Service Desk 212.229.5300 x4357	B&W Printing ProColor Printing  Plotter Printing	Today's Classroom Schedule			1
Classroom	D (6 East 16th St.)	912	Mac		1	Mac Standard Software	DVD, VHS (B1 type)		IT Service Desk 212.229.5300 x4357	B&W Printing ProColor Printing  Plotter Printing	Today's Classroom Schedule			1
Classroom	D (6 East 16th St.)	913	Mac		1	Mac Standard Software	DVD, VHS (B1 type)		IT Service Desk 212.229.5300 x4357	B&W Printing ProColor Printing  Plotter Printing	Today's Classroom Schedule			1
Classroom	E (25 East 13th St.)	204	Mac		1	Mac Standard Software	DVD, VHS (B1 type)		See Lab Staff	B&W Printing ProColor Printing  Plotter Printing	Todays Classroom Schedule			1
Classroom	E (25 East 13th St.)	206	Mac		1	Mac Standard Software	DVD, VHS (B1 type)		See Lab Staff	B&W Printing ProColor Printing  Plotter Printing	Todays Classroom Schedule			1
Open Lab	E (25 East 13th St.)	208A	Windows PC & Mac	16	5	Mac & Windows PC Standard Software			See Lab Staff	B&W Printing ProColor Printing  Plotter Printing  6 flatbed scanners: E208A-Scan01-04, E208A-11, & 15 1 Large Format Scanner: E208A-14  E209A-01 to 04: Universal Laser V-460 Contact your department for assistance. AT supports the computers	Lab Hours		1	
Open Lab	E (25 East 13th St.)	300A	Windows PC	14		Windows PC Standard Software			See Lab Staff	B&W Printing ProColor Printing  Plotter Printing  3 flatbed scanners: E300A-02, 08, & 14 1 Large Format Scanner: E300A-01	Lab Hours		1	
Classroom	E (25 East 13th St.)	302	Mac		1	Mac Standard Software	DVD, VHS (B1 type)		IT Service Desk 212.229.5300 x4357	B&W Printing ProColor Printing  Plotter Printing	Todays Classroom Schedule			1
Classroom	E (25 East 13th St.)	307	Mac		1	Mac Standard Software	DVD, VHS (B1 type)		IT Service Desk 212.229.5300 x4357	B&W Printing ProColor Printing  Plotter Printing	Todays Classroom Schedule			1
Classroom	E (25 East 13th St.)	404	Mac		1	Mac Standard Software	DVD, VHS (B1 type)		IT Service Desk 212.229.5300 x4357	B&W Printing ProColor Printing  Plotter Printing	Todays Classroom Schedule			1
Classroom	E (25 East 13th St.)	502	Mac		1	Mac Standard Software	DVD, VHS (B1 type)		IT Service Desk 212.229.5300 x4357	B&W Printing ProColor Printing  Plotter Printing	Todays Classroom Schedule			1
Classroom	E (25 East 13th St.)	503	Mac		1	Mac Standard Software	DVD, VHS (B1 type)		IT Service Desk 212.229.5300 x4357	B&W Printing ProColor Printing  Plotter Printing	Todays Classroom Schedule			1
Conference Room	G (80 Fifth Ave.)	319                         Health Center Conference Room	SVGA Only				65" LCD, Aux HDMI & Component connection		Media Services 212.229.5300 x2310			1		
Conference Room	G (80 Fifth Ave.)	529	Mac		1	Mac Standard Software	DVD, VHS (B1 type)		Media Services 212.229.5300 x2310			1		
Conference Room	G (80 Fifth Ave.)	619	SVGA, HDMI Only				60in. LCD, SVGA & HDMI Only (B4 type)		Media Services 212.229.5300 x2310			1		
Conference Room	G (80 Fifth Ave.)	703	SVGA, HDMI Only				SVGA & HDMI Only (B4 type)		Media Services 212.229.5300 x2310			1		
Conference Room	G (80 Fifth Ave.)	800	Mac		1	Mac Standard Software	Laptop HDMI and VGA Connections		Media Services 212.229.5300 x2310			1		
Conference Room	G (80 Fifth Ave.)	801					Laptop HDMI and VGA Connections		Media Services 212.229.5300 x2310			1		
Classroom	H (72 Fifth Ave.)	321	Mac		1	Mac Standard Software	DVD, VHS (B1 type)		IT Service Desk 212.229.5300 x4357		Todays Classroom Schedule			1
Express Stations	H (72 Fifth Ave.)	500	Windows PC	1		Windows PC Express Software			IT Service Desk 212.229.5300 x4357				1	
Express Stations	H (72 Fifth Ave.)	600	Windows PC	1		Windows PC Express Software			IT Service Desk 212.229.5300 x4357				1	
Express Stations	H (72 Fifth Ave.)	700	Windows PC	1		Windows PC Express Software			IT Service Desk 212.229.5300 x4357				1	
Classroom	H (72 Fifth Ave.)	713	Mac		1	Mac Standard Software	DVD, VHS (B1 type)		IT Service Desk 212.229.5300 x4357		Todays Classroom Schedule			1
Event Space	i (55 West 13th St.)	202 Theresa Lang Student Center							Media Services 212.229.5300 x2310			1		
Event Space	i (55 West 13th St.)	205 Hirschon Suite	SVGA Only				42" Plasma monitor, VHS, Cable Box		Media Services 212.229.5300 x2310			1		
Classroom  Jazz Dept. Supported	i (55 West 13th St.)	545	Mac (No Projection)		1	Mac Standard Software	CD player, Audio cassette, Aux audio connection, Mic mixer (A3 type)		Jazz Dept. Staff 212.229.5896 x4574 or IT Service Desk 212.229.5300 x4357 (after Jazz Dept. hours)		Todays Classroom Schedule			1
Classroom  Jazz Dept. Supported	i (55 West 13th St.)	613	Windows PC	1		Windows PC Standard Software	DVD, VHS (B2 type)		Jazz Dept. Staff 212.229.5896 x4574 or IT Service Desk 212.229.5300 x4357 (after Jazz Dept. hours)		Today's Classroom Schedule			1
Classroom  Jazz Dept. Supported	i (55 West 13th St.)	618	Mac		1	Mac Standard Software	DVD, Blu-ray, CD player, Audio cassette, Aux HDMI & DVI connection, Mic mixer (A3 type)		Jazz Dept. Staff 212.229.5896 x4574 or IT Service Desk 212.229.5300 x4357 (after Jazz Dept. hours)		Todays Classroom Schedule			1
Classroom  Jazz Dept. Supported	i (55 West 13th St.)	624	Mac		1	Mac Standard Software	DVD, Blu-ray, CD player, Audio cassette, Aux HDMI & DVI connection, Mic mixer (A3 type)		Jazz Dept. Staff 212.229.5896 x4574 or IT Service Desk 212.229.5300 x4357 (after Jazz Dept. hours)		Todays Classroom Schedule			1
Classroom  Jazz Dept. Supported	i (55 West 13th St.)	645	Mac		1	Mac Standard Software	DVD, Blu-ray, Audio cassette, Aux HDMI & DVI connection, Piano lab controller (A3 type)		Jazz Dept. Staff 212.229.5896 x4574 or IT Service Desk 212.229.5300 x4357 (after Jazz Dept. hours)		Todays Classroom Schedule			1
Express Stations	i (55 West 13th St.)	801	Mac		1	Mac Express Software			See Lab Staff	B&W Printing Color Printing ProColor Printing  Plotter Printing	Lab Hours		1	
Help Kiosks	i (55 West 13th St.)	801 Help Kiosk	Mac		1	Mac Help Kiosk Software			See Lab Staff	B&W Printing Color Printing ProColor Printing  Plotter Printing	Lab Hours		1	
Open Lab	i (55 West 13th St.)	802 Arnhold Hall 8th fl. Lab	Windows PC & Mac	25	80	Windows PC Standard Software, Mac Standard Software + Avid, Advanced Audio Software			AT Dispatch 212.229.5300 x4538	B&W Printing Color Printing ProColor Printing  Plotter Printing  1 Imacon Drum Scanners: i802-12  11 Large Format Scanners: i802-10, 11, 13, 14, 16, 23, 24, 31, 32, 33, & 43  2 Flatbed & Transparency Scanners: i802-15 &35  1 Film and Slide Scanner: i802-34  1 Stop Motion Animation Stand: i802-42 via FrameThief  3 flatbed scanners: i802-01, 02, 03  ProTools LE via Mbox 2 Pro and MIDI keyboard with sustain pedal: i802-97 thru 104  	Lab Hours		1	
Classroom	i (55 West 13th St.)	803	Mac		15	Mac Standard Software + Pro Tools & Avid	DVD, VHS (B1 type)		IT Service Desk 212.229.5300 x4357	B&W Printing Color Printing ProColor Printing  Plotter Printing  3 flatbed scanners: i803-06, 10, 15  SD Card Reader: i803-01, 04, 09	Todays Classroom Schedule			1
Classroom	i (55 West 13th St.)	804	Mac		21	Mac Standard Software	Blu-ray, DVD, VHS, 46” LCD, Multi-format Card Reader, HD Projector (B5 type)		IT Service Desk 212.229.5300 x4357	B&W Printing Color Printing ProColor Printing  Plotter Printing	Todays Classroom Schedule			1
Classroom	i (55 West 13th St.)	805	Mac		15	Mac Advanced Audio Software	Blu-ray, DVD, VHS, Aux HDMI & DVI connection, Specialty Audio Peripherals, HD Projector (A4 type)		IT Service Desk 212.229.5300 x4357	B&W Printing Color Printing ProColor Printing  Plotter Printing  Pro Tools LE via Mbox 2 Pro and MIDI keyboard with sustain pedal  FMR RNP 2 Channel Preamp	Todays Classroom Schedule			1
Classroom	i (55 West 13th St.)	806	Mac		13	Mac Advanced Audio Software + Avid	Blu-ray, DVD, VHS, Aux HDMI & DVI connection, Specialty Audio Peripherals, HD Projector (A1 type)		IT Service Desk 212.229.5300 x4357	B&W Printing Color Printing ProColor Printing  Plotter Printing  Pro Tools LE via Mbox 2 Pro and MIDI keyboard with sustain pedal  FMR RNP 2 Channel Preamp	Todays Classroom Schedule			1
Audio/Video Suite	i (55 West 13th St.)	807-Audio01	Mac		1	Audio Suite Software			See Lab Staff	B&W Printing Color Printing ProColor Printing  Plotter Printing  Avid Digi003-Studio   Dorrough's 40-A Analog Loudness Meter  Tannoy Reveal 601a Studio Monitors	Reserve in MyNewSchool		1	
Audio/Video Suite	i (55 West 13th St.)	812-Audio02	Mac		1	Audio Suite Software			See Lab Staff	B&W Printing Color Printing ProColor Printing  Plotter Printing  Pro Tools TDM 10  Dorrough's 40-A Analog Loudness Meter  Denon DN-600F CD Player  Fostex D-15 Digital Master Recorder  Avid Command8 controller  API A2D Mic. Preamp  Kramer VS-88A Router  Tannoy Reveal 601a Studio Monitors  Acoustic Treatment 	Reserve in MyNewSchool		1	
Audio/Video Suite	i (55 West 13th St.)	813-Transfer Room	Mac		1	Mac Standard Software			See Lab Staff	Betacam SP  DVD-DVD Recorder  Cassette  CD Player  DAT  DVD/VCD Player  Laser Disc Player  SVHS  Waveform Vectorscope   TV Monitors  M-Box 2 Pro for capture into GarageBand & Audition  Mac station with Kona LHi Capture Card and RAID storage array.	Reserve in MyNewSchool		1	
Audio/Video Suite	i (55 West 13th St.)	814-Video01	Mac		1	Mac Standard Software + Avid			See Lab Staff	B&W Printing Color Printing ProColor Printing  Plotter Printing  Multi-Format Card Reader  Avid Artist Control  Digital audio interface  Speakers  Panasonic HDTV monitor with auxiliary connection	Reserve in MyNewSchool		1	
Audio/Video Suite	i (55 West 13th St.)	815-Video02	Mac		1	Mac Standard Software + Avid			See Lab Staff	B&W Printing Color Printing ProColor Printing  Plotter Printing  Multi-Format Card Reader  Avid Artist Control  Digital audio interface  Speakers  Panasonic HDTV monitor with auxiliary connection	Reserve in MyNewSchool		1	
Audio/Video Suite	i (55 West 13th St.)	816-Video03	Mac		1	Mac Standard Software + Avid			See Lab Staff	B&W Printing Color Printing ProColor Printing  Plotter Printing  Multi-Format Card Reader  Avid Artist Control  Digital audio interface  Speakers  Panasonic HDTV monitor with auxiliary connection	Reserve in MyNewSchool		1	
Audio/Video Suite	i (55 West 13th St.)	817-Audio04	Mac		1	Audio Suite Software			See Lab Staff	B&W Printing Color Printing ProColor Printing  Plotter Printing  Pro Tools TDM 10  Novation Impulse61 MIDI keyboard  Dorrough's 40-A Analog Loudness Meter  Denon DN-600F CD Player  Tascam CF/CD Backup recorder  Avid Command8 controller  API A2D Mic. Preamp  Kramer VS-88A Router  Tannoy Reveal 601a Studio Monitors  Acoustic Treatment 	Reserve in MyNewSchool		1	
Audio/Video Suite	i (55 West 13th St.)	818-Voiceover							See Lab Staff	Soundproof recording booth  Video monitor and audio recording inputs with connection to i820-Audio03 and i817-Audio04	Reserve in MyNewSchool		1	
Audio/Video Suite	i (55 West 13th St.)	820-Audio03	Mac		1	Audio Suite Software			See Lab Staff	B&W Printing Color Printing ProColor Printing  Plotter Printing  Avid C24 Console  Digidesign master synch interface   Dorrough's 40-A Analog Loudness Meter  Preamps API A2D & UA 2-610   Dual Vacuum-tube Processor  Compressor  Electronic Finalizers  Equalizer/Limiter  Delay F/X Machine  Mackie 16.8 Bus Mixing Console  Tascam CF/CD Backup Recorder  Denon DN-600F CD Player  DVD Player  Tannoy Reveal 601a Studio Monitors  Acoustic Treatment	Reserve in MyNewSchool		1	
Classroom & Audio/Video Suite	i (55 West 13th St.)	821-AVStudio	Mac		1	Mac Standard Software + Avid	Blu-ray, DVD, VHS, 46” LCD, Multi-format Card Reader, HD Projector (B5 type)		See Lab Staff	B&W Printing Color Printing ProColor Printing  Plotter Printing  XLR inputs for i820-Audio03  Headphone amps 1 & 2  Lighting Grid  Multi-Format Card Reader  Acoustic Treatment	Reserve in MyNewSchool		1	1
Help Kiosks	i (55 West 13th St.)	900 Help Kiosk	Mac		1	Mac Help Kiosk Software			See Lab Staff	B&W Printing Color Printing ProColor Printing  Plotter Printing	Lab Hours		1	
Classroom	i (55 West 13th St.)	907	Mac		1	Mac & Windows PC Standard Software	Blu-ray, DVD, VHS, Aux HDMI & DVI connection, HD Projector (A1 type)		IT Service Desk 212.229.5300 x4357	B&W Printing Color Printing ProColor Printing  Plotter Printing	Todays Classroom Schedule			1
Classroom	i (55 West 13th St.)	908	Mac		1	Mac & Windows PC Standard Software	Blu-ray, DVD, VHS, Aux HDMI & DVI connection, HD Projector (A1 type)		IT Service Desk 212.229.5300 x4357	B&W Printing Color Printing ProColor Printing  Plotter Printing	Todays Classroom Schedule			1
Classroom	i (55 West 13th St.)	909	Mac		1	Mac & Windows PC Standard Software	DVD, VHS, Multi-format Card Reader, 13in TV (B1 type)		IT Service Desk 212.229.5300 x4357	B&W Printing Color Printing ProColor Printing  Plotter Printing	Todays Classroom Schedule			1
Classroom	i (55 West 13th St.)	913	Windows PC	18		Windows PC Standard Software	Blu-ray, DVD, VHS, Aux HDMI & DVI connection, HD Projector (A1 type)		IT Service Desk 212.229.5300 x4357	B&W Printing Color Printing ProColor Printing  Plotter Printing  3 flat bed scanners: i913-01, 13, 18	Todays Classroom Schedule			1
Classroom	i (55 West 13th St.)	930	Mac		1	Mac & Windows PC Standard Software	DVD, VHS (B1 type)		IT Service Desk 212.229.5300 x4357	B&W Printing Color Printing ProColor Printing  Plotter Printing	Todays Classroom Schedule			1
Classroom	L (2 West 13th St.)	1005B	Mac		1	Mac Standard Software	DVD, VHS (A1 type)		IT Service Desk 212.229.5300 x4357		Todays Classroom Schedule			1
Classroom	L (2 West 13th St.)	1006	Mac		1	Mac Standard Software	Blu-ray, DVD, VHS, Aux HDMI & DVI connection, HD Projector (A4 type)		IT Service Desk 212.229.5300 x4357		Todays Classroom Schedule			1
Conference Room	L (2 West 13th St.)	101	SVGA Only				42" Plasma monitor		Media Services 212.229.5300 x2310			1		
Classroom	L (2 West 13th St.)	1100	Mac		1	Mac Standard Software	Blu-ray, DVD, VHS, Aux HDMI & DVI connection, HD Projector (A4 type)		IT Service Desk 212.229.5300 x4357		Todays Classroom Schedule			1
Classroom	L (2 West 13th St.)	1101	Mac		1	Mac Standard Software	DVD, VHS (A1 type)		IT Service Desk 212.229.5300 x4357		Todays Classroom Schedule			1
Classroom	L (2 West 13th St.)	1102	Mac		1	Mac Standard Software	DVD, VHS (A1 type)		IT Service Desk 212.229.5300 x4357		Todays Classroom Schedule			1
Classroom	L (2 West 13th St.)	1103	Mac		1	Mac Standard Software	DVD, VHS (A1 type)		IT Service Desk 212.229.5300 x4357		Todays Classroom Schedule			1
Classroom	L (2 West 13th St.)	1104	Mac		1	Mac Standard Software	DVD, VHS (B1 type)		IT Service Desk 212.229.5300 x4357		Todays Classroom Schedule			1
Classroom	L (2 West 13th St.)	1108	Mac		1	Mac Standard Software	DVD, VHS (B1 type)		IT Service Desk 212.229.5300 x4357		Todays Classroom Schedule			1
Classroom	L (2 West 13th St.)	1111	Mac		1	Mac Standard Software	DVD, VHS (A1 type)		IT Service Desk 212.229.5300 x4357		Todays Classroom Schedule			1
Classroom	L (2 West 13th St.)	300	Mac		1	Mac Standard Software	DVD, VHS, (B1 type)		IT Service Desk 212.229.5300 x4357		Todays Classroom Schedule			1
Classroom	L (2 West 13th St.)	301	Mac		1	Mac Standard Software	DVD, VHS (B1 type)		IT Service Desk 212.229.5300 x4357		Todays Classroom Schedule			1
Classroom	L (2 West 13th St.)	310	Mac		1	Mac Standard Software	DVD, VHS (B1 type)		IT Service Desk 212.229.5300 x4357		Todays Classroom Schedule			1
Classroom	L (2 West 13th St.)	311	Mac		1	Mac Standard Software	DVD, VHS (B1 type)		IT Service Desk 212.229.5300 x4357		Todays Classroom Schedule			1
Express Stations	L (2 West 13th St.)	400 Express Stations	Windows PC	7		Windows PC Express Software							1	
Classroom	L (2 West 13th St.)	500	Mac		1	Mac Standard Software	DVD, VHS (B1 type)		IT Service Desk 212.229.5300 x4357		Todays Classroom Schedule			1
Classroom	L (2 West 13th St.)	503	Mac		1	Mac Standard Software	DVD, VHS (B1 type)		IT Service Desk 212.229.5300 x4357		Todays Classroom Schedule			1
Classroom	L (2 West 13th St.)	504	Mac		1	Mac Standard Software	DVD, VHS (B1 type)		IT Service Desk 212.229.5300 x4357		Todays Classroom Schedule			1
Classroom	L (2 West 13th St.)	511	Mac		1	Mac Standard Software	LCD Cart		IT Service Desk 212.229.5300 x4357		Todays Classroom Schedule			1
Classroom	L (2 West 13th St.)	601	SVGA Only				SVGA Only, Dual independent LCD projectors (B4 type)				Todays Classroom Schedule			1
Classroom	L (2 West 13th St.)	602	Mac		1	Mac Standard Software	DVD, VHS (B1 type)		IT Service Desk 212.229.5300 x4357		Todays Classroom Schedule			1
Classroom	L (2 West 13th St.)	603	Mac		1	Mac Standard Software	DVD, VHS (B1 type)		IT Service Desk 212.229.5300 x4357		Todays Classroom Schedule			1
Classroom	L (2 West 13th St.)	612	Mac		1	Mac Standard Software	DVD, VHS (B1 type)		IT Service Desk 212.229.5300 x4357		Todays Classroom Schedule			1
Classroom	L (2 West 13th St.)	701	Mac		1	Mac Standard Software	Blu-ray, DVD, VHS, Aux HDMI & DVI connection, HD Projector (A4 type)		IT Service Desk 212.229.5300 x4357		Todays Classroom Schedule			1
Classroom	L (2 West 13th St.)	702	Mac		1	Mac Standard Software	Blu-ray, DVD, VHS, Aux HDMI & DVI connection, HD Projector (A4 type)		IT Service Desk 212.229.5300 x4357		Todays Classroom Schedule			1
Classroom	L (2 West 13th St.)	703	Mac		1	Mac Standard Software	DVD, VHS (B1 type)		IT Service Desk 212.229.5300 x4357		Todays Classroom Schedule			1
Classroom	L (2 West 13th St.)	704	Mac		1	Mac Standard Software	DVD, VHS (B1 type)		IT Service Desk 212.229.5300 x4357		Todays Classroom Schedule			1
Classroom	L (2 West 13th St.)	711	Mac		1	Mac Standard Software	Blu-ray, DVD, VHS, Aux HDMI & DVI connection, HD Projector (A4 type)		IT Service Desk 212.229.5300 x4357		Todays Classroom Schedule			1
Classroom	L (2 West 13th St.)	801	Mac		1	Mac Standard Software	DVD, VHS (A1 type)		IT Service Desk 212.229.5300 x4357		Todays Classroom Schedule			1
Classroom	L (2 West 13th St.)	802	Mac		1	Mac Standard Software	DVD, VHS (B1 type)		IT Service Desk 212.229.5300 x4357		Todays Classroom Schedule			1
Classroom	L (2 West 13th St.)	803	Mac		1	Mac Standard Software	DVD, VHS (A1 type)		IT Service Desk 212.229.5300 x4357		Todays Classroom Schedule			1
Experimental Classroom	L (2 West 13th St.)	804	Mac		1	Mac Standard Software	Blu-ray & DVD from PC, Document Camera, Stream & Capture device		Media Services 212.229.5300 x2310		Todays Classroom Schedule			1
Classroom	L (2 West 13th St.)	809	Mac		1	Mac Standard Software	DVD, VHS (B1 type)		IT Service Desk 212.229.5300 x4357		Todays Classroom Schedule			1
Classroom	L (2 West 13th St.)	811	Mac		1	Mac Standard Software	DVD, VHS (B1 type)		IT Service Desk 212.229.5300 x4357		Todays Classroom Schedule			1
Classroom	L (2 West 13th St.)	901	Mac		1	Mac Standard Software	DVD, VHS (B1 type)		IT Service Desk 212.229.5300 x4357		Todays Classroom Schedule			1
Classroom	L (2 West 13th St.)	904	Mac		1	Mac Standard Software	DVD, VHS (B1 type)		IT Service Desk 212.229.5300 x4357		Todays Classroom Schedule			1
Classroom	L (2 West 13th St.)	905	Mac		1	Mac Standard Software	DVD, VHS (B1 type)		IT Service Desk 212.229.5300 x4357		Todays Classroom Schedule			1
Conference Room	L (2 West 13th St.)	mz100	SVGA Only				42" Plasma monitor		Media Services 212.229.5300 x2310			1		
Classroom	M (66 Fifth Ave.)	100	Mac		1	Mac Standard Software	DVD, VHS (B1 type)		IT Service Desk 212.229.5300 x4357		Todays Classroom Schedule			1
Event Space	M (66 Fifth Ave.)	101  Orientation Room	Windows PC & Mac	1	1	Mac & Windows PC Standard Software			IT Service Desk 212.229.5300 x4357			1		
Classroom	N (66 Fifth Ave.)	003	Windows PC	31		Windows PC Standard Software	Blu-ray, DVD, VHS, Aux HDMI & DVI connection, HD Projector (A1 type)		IT Service Desk 212.229.5300 x4357		Todays Classroom Schedule			
Classroom	N (66 Fifth Ave.)	005	Mac	21		Mac Standard Software	Blu-ray, DVD, VHS, Aux HDMI & DVI connection, HD Projector (A1 type)		IT Service Desk 212.229.5300 x4357		Todays Classroom Schedule			
Classroom	N (66 Fifth Ave.)	400	Mac		1	Mac Standard Software + Avid	DVD, VHS (B1 type)		IT Service Desk 212.229.5300 x4357		Todays Classroom Schedule			1
Classroom	N (66 Fifth Ave.)	402	Mac		1	Mac Standard Software	DVD, VHS (B1 type)		IT Service Desk 212.229.5300 x4357		Todays Classroom Schedule			1
Classroom	N (66 Fifth Ave.)	404	Mac		1	Mac Standard Software + Avid	DVD, VHS (B1 type)		IT Service Desk 212.229.5300 x4357		Todays Classroom Schedule			1
Conference Room	N (66 Fifth Ave.)	600F	SVGA Only				SVGA Only (B4 type)		Media Services 212.229.5300 x2310			1		
Classroom	N (66 Fifth Ave.)	603	Mac		1	Mac Standard Software	Blu-ray, DVD, VHS, Aux HDMI & DVI connection, HD Projector (A4 type)		IT Service Desk 212.229.5300 x4357		Todays Classroom Schedule			1
Classroom	N (66 Fifth Ave.)	716	Mac		1	Mac Standard Software	DVD, VHS (B1 type)		IT Service Desk 212.229.5300 x4357		Todays Classroom Schedule			1
Classroom	N (66 Fifth Ave.)	720	Mac		1	Mac Standard Software	DVD, VHS (B1 type)		IT Service Desk 212.229.5300 x4357		Todays Classroom Schedule			1
Classroom	N (66 Fifth Ave.)	818	Mac		1	Mac Standard Software	DVD, VHS (A1 type)		IT Service Desk 212.229.5300 x4357		Todays Classroom Schedule			1
Classroom	N (66 Fifth Ave.)	822	Mac		1	Mac Standard Software	DVD, VHS (B1 type)		IT Service Desk 212.229.5300 x4357		Todays Classroom Schedule			1
Event Space	N (66 Fifth Ave.)	N101 Kellen Auditorium	Mac		1	Mac & Windows PC Standard Software	BluRay,  VHS,  22in Touchscreen monitor		Media Services 212.229.5300 x2310			1		
Classroom	U (63 Fifth Ave.)	L107	Windows PC	45		Windows PC Standard Software	12in Touchscreen, MACR, Lecture Recording, (4) Large LCD Screen (U6 Type)	x	IT Service Desk 212.229.5300 x4357	2 Large Format Scanners,  2 Flat Bed Scanner	Todays Classroom Schedule			
Classroom	U (63 Fifth Ave.)	L106	Mac		19	Mac Standard Software	12in Touchscreen, MACR, Lecture Recording, (1) Projector, (3) Large LCD Screen (U6 Type)	x	IT Service Desk 212.229.5300 x4357	1 Large Format Scanners,  2 Flat Bed Scanner	Todays Classroom Schedule			
Classroom	U (63 Fifth Ave.)	L100	Windows PC	32		Windows PC Standard Software	12in Touchscreen, MACR, Lecture Recording, (4) Large LCD Screen (U6 Type)	x	IT Service Desk 212.229.5300 x4357	1 Large Format Scanners,  2 Flat Bed Scanner	Todays Classroom Schedule			
Classroom	U (63 Fifth Ave.)	L101	Mac		19	Mac Standard Software	12in Touchscreen, MACR, Lecture Recording, (1) Projector, (5) Large LCD Screen (U6 Type)	x	IT Service Desk 212.229.5300 x4357	1 Large Format Scanners,  2 Flat Bed Scanner	Todays Classroom Schedule			
Auditorium	U (63 Fifth Ave.)	100	Windows PC & Mac	1	1	Mac & Windows PC Standard Software	24" Touchscreen, MACR, Lecture Recording, 3 Projectors with single blend image capability (U5 Type) 	x1884	 Media Services 212.229.5300 x2310			1		1
Conference Room	U (63 Fifth Ave.)	106	Mac		1		65" LCD	x2588	 Media Services 212.229.5300 x2310			1		1
Auditorium Green Room	U (63 Fifth Ave.)	107	Mac		1	Mac & Windows PC Standard Software	65" LCD	x1834	 Media Services 212.229.5300 x2310			1		1
Auditorium Speaker Room	U (63 Fifth Ave.)	108	Mac		1	Mac & Windows PC Standard Software	65" LCD	x2589	 Media Services 212.229.5300 x2310	Local Deskop Printer		1		1
Large Design Studio	U (63 Fifth Ave.)	200	Mac		1	Mac & Windows PC Standard Software	24in Touchscreen, MACR, Lecture Recording, Projector (U2 Type)	x1712	IT Service Desk 212.229.5300 x4357		Todays Classroom Schedule			1
Classroom Type 2-1	U (63 Fifth Ave.)	201	Windows PC & Mac		1	Mac & Windows PC Standard Software	24" Touchscreen, MACR, Lecture Recording, 80" LCD, Projector (U3 Type)	x1713	IT Service Desk 212.229.5300 x4357 Media Services 212.229.5300 x2310			1		1
Classroom Type 2-1	U (63 Fifth Ave.)	202	Windows PC & Mac		1	Mac & Windows PC Standard Software	24" Touchscreen, MACR, Lecture Recording, 80" LCD, Projector (U3 Type)	x1714	IT Service Desk 212.229.5300 x4357 Media Services 212.229.5300 x2310		Todays Classroom Schedule	1		1
Large Design Studio	U (63 Fifth Ave.)	204	Mac		1	Mac & Windows PC Standard Software	24in Touchscreen, MACR, Lecture Recording, 65in Touch LCD (U2 Type)	x1715	IT Service Desk 212.229.5300 x4357		Todays Classroom Schedule			1
Drawing Studio	U (63 Fifth Ave.)	205	Mac		1	Mac & Windows PC Standard Software	24in Touchscreen, MACR, Lecture Recording, 65in Touch LCD (U2 Type)	x1716	IT Service Desk 212.229.5300 x4357		Todays Classroom Schedule			1
Cafeteria Seating	U (63 Fifth Ave.)	206	Mac		1	CEA Content	LCD	x1717	Media Services 212.229.5300 x2310		Today's Classroom Schedule	1		1
Large Design Studio	U (63 Fifth Ave.)	300	Mac		1	Mac & Windows PC Standard Software	24in Touchscreen, MACR, Lecture Recording, Projector (U2 Type)	x1726	IT Service Desk 212.229.5300 x4357		Todays Classroom Schedule			1
Drawing Studio	U (63 Fifth Ave.)	303	Mac		1	Mac & Windows PC Standard Software	24in Touchscreen, MACR, Lecture Recording, 65in Touch LCD (U2 Type)	x1729	IT Service Desk 212.229.5300 x4357		Todays Classroom Schedule			1
Distance Learning Classroom	U (63 Fifth Ave.)	304	Windows PC & Mac	1	1	Mac & Windows PC Standard Software	24" Touchscreen, 3 LCD (U1 Type)	x1730	IT Service Desk 212.229.5300 x4357 Media Services 212.229.5300 x2310	Lighting Control from Touch panel, Teleconference capability, Lecture Recording	Todays Classroom Schedule	1		1
Drawing Studio	U (63 Fifth Ave.)	305	Mac		1	Mac & Windows PC Standard Software	24in Touchscreen, MACR, Lecture Recording, 65in Touch LCD (U2 Type)	x1731	IT Service Desk 212.229.5300 x4357		Todays Classroom Schedule			1
Drawing Studio	U (63 Fifth Ave.)	306	Mac		1	Mac & Windows PC Standard Software	24in Touchscreen, MACR, Lecture Recording, 65in Touch LCD (U2 Type)	x1732	IT Service Desk 212.229.5300 x4357		Todays Classroom Schedule			1
Faculty Resource	U (63 Fifth Ave.)	308	Mac		7	Mac & Windows PC Standard Software	N/A	x1733	IT Service Desk 212.229.5300 x4357					1
Drawing Studio	U (63 Fifth Ave.)	310	Mac		1	Mac & Windows PC Standard Software	24in Touchscreen, MACR, Lecture Recording, 65in Touch LCD (U2 Type)	x1734	IT Service Desk 212.229.5300 x4357		Todays Classroom Schedule			1
Drawing Studio	U (63 Fifth Ave.)	311	Mac		1	Mac & Windows PC Standard Software	24in Touchscreen, MACR, Lecture Recording, 65in Touch LCD (U2 Type)	x1735	IT Service Desk 212.229.5300 x4357		Todays Classroom Schedule			1
Large Design Studio	U (63 Fifth Ave.)	312	Mac		1	Mac & Windows PC Standard Software	24in Touchscreen, MACR, Lecture Recording, 65in Touch LCD (U2 Type)	x1736	IT Service Desk 212.229.5300 x4357		Todays Classroom Schedule			1
Construction Studio	U (63 Fifth Ave.)	400	Mac		1	Mac & Windows PC Standard Software	24in Touchscreen, MACR, Lecture Recording, Projector (U2 Type)	x1747	IT Service Desk 212.229.5300 x4357		Todays Classroom Schedule			1
Construction Studio	U (63 Fifth Ave.)	402	Mac		1	Mac & Windows PC Standard Software	24in Touchscreen, MACR, Lecture Recording, Projector (U2 Type)	x1748	IT Service Desk 212.229.5300 x4357		Todays Classroom Schedule			1
Drawing Studio	U (63 Fifth Ave.)	403	Mac		1	Mac & Windows PC Standard Software	24in Touchscreen, MACR, Lecture Recording, Projector (U2 Type)	x1749	IT Service Desk 212.229.5300 x4357		Todays Classroom Schedule			1
Drawing Studio	U (63 Fifth Ave.)	404	Mac		1	Mac & Windows PC Standard Software	24in Touchscreen, MACR, Lecture Recording, Projector (U2 Type)	x1750	IT Service Desk 212.229.5300 x4357		Todays Classroom Schedule			1
Construction Studio	U (63 Fifth Ave.)	405	Mac		1	Mac & Windows PC Standard Software	24in Touchscreen, MACR, Lecture Recording, Projector (U2 Type)	x1751	IT Service Desk 212.229.5300 x4357		Todays Classroom Schedule			1
Construction Studio	U (63 Fifth Ave.)	406	Mac		1	Mac & Windows PC Standard Software	24in Touchscreen, MACR, Lecture Recording, Projector (U2 Type)	x1752	IT Service Desk 212.229.5300 x4357		Todays Classroom Schedule			1
Student Resource Meeting Room	U (63 Fifth Ave.)	407						x1753	Media Services 212.229.5300 x2310					
Urban Ecologies	U (63 Fifth Ave.)	411	Mac		1	Mac & Windows PC Standard Software	24in Touchscreen, MACR, Lecture Recording, Projector (U2 Type)	x1757	IT Service Desk 212.229.5300 x4357		Todays Classroom Schedule			1
Construction Studio	U (63 Fifth Ave.)	412	Mac		1	Mac & Windows PC Standard Software	24in Touchscreen, MACR, Lecture Recording, Projector (U2 Type)	x1758	IT Service Desk 212.229.5300 x4357		Todays Classroom Schedule			1
Urban Ecologies	U (63 Fifth Ave.)	417	Mac		1	Mac & Windows PC Standard Software	24in Touchscreen, MACR, Lecture Recording, Projector (U2 Type)	x1763	IT Service Desk 212.229.5300 x4357		Todays Classroom Schedule			1
Construction Studio	U (63 Fifth Ave.)	418	Mac		1	Mac & Windows PC Standard Software	24in Touchscreen, MACR, Lecture Recording, Projector (U2 Type)	x1764	IT Service Desk 212.229.5300 x4357		Todays Classroom Schedule			1
Student Resource	U (63 Fifth Ave.)	426	Mac		4	Mac Express Software	N/A	x1772	IT Service Desk 212.229.5300 x4357		Todays Classroom Schedule			1
Student Resource	U (63 Fifth Ave.)	427	Mac		1	Mac Standard Software	LCD	x1773	Media Services 212.229.5300 x2310		Todays Classroom Schedule	1		1
Construction Studio	U (63 Fifth Ave.)	428	Mac		1	Mac & Windows PC Standard Software	24in Touchscreen, MACR, Lecture Recording, Projector (U2 Type)	x1774	IT Service Desk 212.229.5300 x4357		Todays Classroom Schedule			1
Construction Studio	U (63 Fifth Ave.)	429	Mac		1	Mac & Windows PC Standard Software	24in Touchscreen, MACR, Lecture Recording, Projector (U2 Type)	x1887	IT Service Desk 212.229.5300 x4357		Todays Classroom Schedule			1
Construction Studio	U (63 Fifth Ave.)	430	Mac		1	Mac & Windows PC Standard Software	24in Touchscreen, MACR, Lecture Recording, Projector (U2 Type)	x1888	IT Service Desk 212.229.5300 x4357		Todays Classroom Schedule			1
Construction Studio	U (63 Fifth Ave.)	431	Mac		1	Mac & Windows PC Standard Software	24in Touchscreen, MACR, Lecture Recording, Projector (U2 Type)	x1889	IT Service Desk 212.229.5300 x4357		Todays Classroom Schedule			1
Print Center	U (63 Fifth Ave.)	432	Windows PC & Mac	2	2	Mac & Windows PC Standard Software	2 LCDs for print queue monitoring 	x1890 and x1819	IT Service Desk 212.229.5300 x4357	1 Large Scanner 1 IDF Scanner 1 Small Scanner 2 Color Printers 2 B&W Printers 2 Large Format Printers Z6200, 42" and 60"	Todays Classroom Schedule		1	1
Construction Studio	U (63 Fifth Ave.)	500						x1896	IT Service Desk 212.229.5300 x4357					
Drawing Studio	U (63 Fifth Ave.)	502	Mac		1	Mac & Windows PC Standard Software	24in Touchscreen, MACR, Lecture Recording, Projector (U2 Type)	x1898	IT Service Desk 212.229.5300 x4357		Todays Classroom Schedule			1
Drawing Studio	U (63 Fifth Ave.)	503	Mac		1	Mac & Windows PC Standard Software	24in Touchscreen, MACR, Lecture Recording, Projector (U2 Type)	x1899	IT Service Desk 212.229.5300 x4357		Todays Classroom Schedule			1
Construction Studio	U (63 Fifth Ave.)	504	Mac		1	Mac & Windows PC Standard Software	24in Touchscreen, MACR, Lecture Recording, Projector (U2 Type)	x1700	IT Service Desk 212.229.5300 x4357		Todays Classroom Schedule			1
Student Lounge	U (63 Fifth Ave.)	505						x1701	Media Services 212.229.5300 x2310					
Construction Studio	U (63 Fifth Ave.)	506	Mac		1	Mac & Windows PC Standard Software	24in Touchscreen, MACR, Lecture Recording, Projector (U2 Type)	x1702	IT Service Desk 212.229.5300 x4357		Todays Classroom Schedule			1
Drawing Studio	U (63 Fifth Ave.)	508	Mac		1	Mac & Windows PC Standard Software	24in Touchscreen, MACR, Lecture Recording, Projector (U2 Type)	x1703	IT Service Desk 212.229.5300 x4357		Todays Classroom Schedule			1
Construction Studio	U (63 Fifth Ave.)	509	Mac		1	Mac & Windows PC Standard Software	24in Touchscreen, MACR, Lecture Recording, Projector (U2 Type)	x1704	IT Service Desk 212.229.5300 x4357		Todays Classroom Schedule			1
Construction Studio	U (63 Fifth Ave.)	510	Mac		1	Mac & Windows PC Standard Software	24in Touchscreen, MACR, Lecture Recording, Projector (U2 Type)	x1705	IT Service Desk 212.229.5300 x4357		Todays Classroom Schedule			1
Construction Studio	U (63 Fifth Ave.)	511	Mac		1	Mac & Windows PC Standard Software	24in Touchscreen, MACR, Lecture Recording, Projector (U2 Type)	x1706	IT Service Desk 212.229.5300 x4357		Todays Classroom Schedule			1
University Resource Meeting Space	U (63 Fifth Ave.)	513	Mac		1	Mac Standard Software	65" LCD 	x1708	IT Service Desk 212.229.5300 x4357					
University Resource Meeting Space	U (63 Fifth Ave.)	514	Mac		1	Mac Standard Software	65" LCD 	x1709	IT Service Desk 212.229.5300 x4357					
Construction Studio	U (63 Fifth Ave.)	515	Mac		1	Mac & Windows PC Standard Software	24in Touchscreen, MACR, Lecture Recording, Projector (U2 Type)	x1710	IT Service Desk 212.229.5300 x4357		Todays Classroom Schedule			1
Construction Studio	U (63 Fifth Ave.)	516	Mac		1	Mac & Windows PC Standard Software	24in Touchscreen, MACR, Lecture Recording, Projector (U2 Type)	x1711	IT Service Desk 212.229.5300 x4357		Todays Classroom Schedule			1
Drawing Studio	U (63 Fifth Ave.)	517	Mac		1	Mac & Windows PC Standard Software	24in Touchscreen, MACR, Lecture Recording, Projector (U2 Type)	x2526	IT Service Desk 212.229.5300 x4357		Todays Classroom Schedule			1
Construction Studio	U (63 Fifth Ave.)	518	Mac		1	Mac & Windows PC Standard Software	24in Touchscreen, MACR, Lecture Recording, Projector (U2 Type)	x2527	IT Service Desk 212.229.5300 x4357		Todays Classroom Schedule			1
Drawing Studio	U (63 Fifth Ave.)	519	Mac		1	Mac & Windows PC Standard Software	24in Touchscreen, MACR, Lecture Recording, Projector (U2 Type)	x2528	IT Service Desk 212.229.5300 x4357		Todays Classroom Schedule			1
Coming Soon	U (63 Fifth Ave.)	520	Mac		1	Mac & Windows PC Standard Software	65" LCD 	x2529	IT Service Desk 212.229.5300 x4357		Todays Classroom Schedule			1
Classroom (Drawing Studio)	U (63 Fifth Ave.)	600	Mac		1	Mac & Windows PC Standard Software	24in Touchscreen, MACR, Lecture Recording, Projector (U2 Type)	x2533	IT Service Desk 212.229.5300 x4357		Todays Classroom Schedule			1
Classroom (Large Design Studio)	U (63 Fifth Ave.)	601	Mac		1	Mac & Windows PC Standard Software	24in Touchscreen, MACR, Lecture Recording, Projector (U2 Type)	x2534	IT Service Desk 212.229.5300 x4357		Todays Classroom Schedule			1
Classroom Type 2-4 (Drawing Studio)	U (63 Fifth Ave.)	602	Mac		1	Mac & Windows PC Standard Software	24in Touchscreen, MACR, Lecture Recording, Projector (U2 Type)	x2535	IT Service Desk 212.229.5300 x4357		Todays Classroom Schedule			1
Large Design Studio	U (63 Fifth Ave.)	617	Mac		1	Mac & Windows PC Standard Software	24in Touchscreen, MACR, Lecture Recording, Projector (U2 Type)	x2542	IT Service Desk 212.229.5300 x4357		Todays Classroom Schedule			1
Science Lab	U (63 Fifth Ave.)	618	Mac		1	Mac & Windows PC Standard Software	24in Touchscreen, MACR, Lecture Recording, Projector (U2 Type)	x2543	IT Service Desk 212.229.5300 x4357		Todays Classroom Schedule			1
Drawing Studio	U (63 Fifth Ave.)	619	Mac		1	Mac & Windows PC Standard Software	24in Touchscreen, MACR, Lecture Recording, Projector (U2 Type)	x2544	IT Service Desk 212.229.5300 x4357		Todays Classroom Schedule			1
Large Design Studio	U (63 Fifth Ave.)	620	Mac		1	Mac & Windows PC Standard Software	24in Touchscreen, MACR, Lecture Recording, Projector (U2 Type)	x2545	IT Service Desk 212.229.5300 x4357		Todays Classroom Schedule			1
CLASSROOM TYPE 2-3	U (63 Fifth Ave.)	622	Mac		1	Mac & Windows PC Standard Software	24in Touchscreen, MACR, Lecture Recording, Projector (U2 Type)	x2547	IT Service Desk 212.229.5300 x4357		Todays Classroom Schedule			1
Library Café	U (63 Fifth Ave.)	700	Mac		1	CEA Content	LCD	x2562	Media Services 212.229.5300 x2310			1		
Faculty Resource Conference Room 4	U (63 Fifth Ave.)	308A	Mac		1	Mac Standard Software	LCD	x1737	Media Services 212.229.5300 x2310	Skype Ready		1		
Faculty Resource Conference Room 3	U (63 Fifth Ave.)	308B	Mac		1	Mac Standard Software	LCD	x1738	Media Services 212.229.5300 x2310			1		
Faculty Resource Conference Room 2 	U (63 Fifth Ave.)	308C	Mac		1	Mac Standard Software	LCD	x1739	Media Services 212.229.5300 x2310			1		
Faculty Resource Conference Room 1	U (63 Fifth Ave.)	308D	Mac		1	Mac Standard Software	LCD	x1740	Media Services 212.229.5300 x2310			1		
Master AV Control Room	U (63 Fifth Ave.)	M603					Cable TV,  BluRay,  MacMini, HDV/DVCam	x1799 and x2555	IT Service Desk 212.229.5300 x4357					
Conference Room	W (71 Fifth Ave)	901	Mac		1	Mac Express Software	LCD, SVGA, HDMI (B4 type)		Media Services 212.229.5300 x2310			1		
Conference Room	W (71 Fifth Ave)	916	SVGA Only				LCD, SVGA Only		Media Services 212.229.5300 x2310			1		1