Type	Building	Room	OS	PCs	Macs	Software	Presentation	Ext.	SupportContact	Specialty	Hours	"Enter value ""1"" to add entry to ""Media Services Spaces"" Worksheet.  Leave blank to omit."	"Enter value ""1"" to add entry to ""Technology Lab Spaces""  Leave blank to omit."	"Enter value ""1"" to add entry to ""Classroom Technology"" worksheet.  Leave blank to omit."	blg	PCQty	MacQty	locationCount	bldgAddress	bldgName
Classroom	A	1	Mac & Windows PC	0	1	Mac Standard Software	"Blu-ray, DVD, VHS, Aux HDMI & DVI connection, HD Projector (A4 type)"		IT Service Desk 212.229.5300 x4357		Today's Classroom Schedule			1	A			1	66 West 12th Street	ALVIN JOHNSON/J.M. KAPLAN HALL
Classroom	A	2	Mac & Windows PC	0	1	Mac Standard Software	"DVD, VHS (B1 type)"		IT Service Desk 212.229.5300 x4357		Today's Classroom Schedule			1	A			2	66 West 12th Street	ALVIN JOHNSON/J.M. KAPLAN HALL
Event Space	A	1	SVGA Only	0	0				 Media Services 212.229.5300 x2310			1			A			3	66 West 12th Street	ALVIN JOHNSON/J.M. KAPLAN HALL
Classroom	A	306	SVGA Only	0	0		"DVD, VHS (B1 type)"		Media Services 212.229.5300 x2310		Today's Classroom Schedule			1	A			4	66 West 12th Street	ALVIN JOHNSON/J.M. KAPLAN HALL
Classroom	A	403	SVGA Only	0	0		"DVD, VHS (B4 type)"		Media Services 212.229.5300 x2310		Today's Classroom Schedule			1	A			5	66 West 12th Street	ALVIN JOHNSON/J.M. KAPLAN HALL
Classroom	A	404	Mac	0	1	Mac Standard Software	"DVD, VHS (B1 type)"		Help	 	Today's Classroom Schedule			1	A			6	66 West 12th Street	ALVIN JOHNSON/J.M. KAPLAN HALL
Classroom	A	405	SVGA Only	0	0		"DVD, VHS (B4 type)"		Media Services 212.229.5300 x2310		Today's Classroom Schedule			1	A			7	66 West 12th Street	ALVIN JOHNSON/J.M. KAPLAN HALL
Classroom	A	406	Mac	0	1	Mac Standard Software	"Blu-ray, DVD, VHS, Aux HDMI & DVI connection, HD Projector, Document Camera, Video Conferencing (A4 type)"		Media Services 212.229.5300 x2310 *(Video conferencing requires advanced coordination with the Lang Dean's Office)		Today's Classroom Schedule	1		1	A			8	66 West 12th Street	ALVIN JOHNSON/J.M. KAPLAN HALL
Classroom	A	407	Mac	0	1	Mac Standard Software	"DVD, VHS (B1 type)"		Media Services 212.229.5300 x2310		Today's Classroom Schedule			1	A			9	66 West 12th Street	ALVIN JOHNSON/J.M. KAPLAN HALL
Classroom	A	410	Mac	0	1	Mac Standard Software	"DVD, VHS (B1 type)"		IT Service Desk 212.229.5300 x4357		Today's Classroom Schedule			1	A			10	66 West 12th Street	ALVIN JOHNSON/J.M. KAPLAN HALL
Classroom	A	501	Mac	0	1	Mac Standard Software	"DVD, VHS (B1 type)"		IT Service Desk 212.229.5300 x4357		Today's Classroom Schedule			1	A			11	66 West 12th Street	ALVIN JOHNSON/J.M. KAPLAN HALL
Classroom	A	502	Mac	0	1	Mac Standard Software	"DVD, VHS (B1 type)"		IT Service Desk 212.229.5300 x4357		Today's Classroom Schedule			1	A			12	66 West 12th Street	ALVIN JOHNSON/J.M. KAPLAN HALL
Classroom	A	509	Mac	0	1	Mac Standard Software	"DVD, VHS (B1 type)"		IT Service Desk 212.229.5300 x4357		Today's Classroom Schedule			1	A			13	66 West 12th Street	ALVIN JOHNSON/J.M. KAPLAN HALL
Event Space	A	510	SVGA Only	0	0		"DVD, VHS"		Media Services 212.229.5300 x2310			1			A			14	66 West 12th Street	ALVIN JOHNSON/J.M. KAPLAN HALL
Classroom	A	513	Mac	0	1	Mac Standard Software	"DVD, VHS (B1 type)"		IT Service Desk 212.229.5300 x4357		Today's Classroom Schedule			1	A			15	66 West 12th Street	ALVIN JOHNSON/J.M. KAPLAN HALL
Classroom	A	517	Mac	0	1	Mac Standard Software	"DVD, VHS (B1 type)"		IT Service Desk 212.229.5300 x4357		Today's Classroom Schedule			1	A			16	66 West 12th Street	ALVIN JOHNSON/J.M. KAPLAN HALL
Classroom	A	518	Mac	0	1	Mac Standard Software	"DVD, VHS (B1 type)"		IT Service Desk 212.229.5300 x4357		Today's Classroom Schedule			1	A			17	66 West 12th Street	ALVIN JOHNSON/J.M. KAPLAN HALL
Classroom	A	601	Mac	0	1	Mac Standard Software	"DVD, VHS (B1 type)"		IT Service Desk 212.229.5300 x4357		Today's Classroom Schedule			1	A			18	66 West 12th Street	ALVIN JOHNSON/J.M. KAPLAN HALL
Classroom	A	602	Mac	0	1	Mac Standard Software	"DVD, VHS (B1 type)"		IT Service Desk 212.229.5300 x4357		Today's Classroom Schedule			1	A			19	66 West 12th Street	ALVIN JOHNSON/J.M. KAPLAN HALL
Classroom	A	615	Mac	0	1	Mac Standard Software	"DVD, VHS (B1 type)"		IT Service Desk 212.229.5300 x4357		Today's Classroom Schedule			1	A			20	66 West 12th Street	ALVIN JOHNSON/J.M. KAPLAN HALL
Classroom	A	617	Mac	0	1	Mac Standard Software	"DVD, VHS (B1 type)"		IT Service Desk 212.229.5300 x4357		Today's Classroom Schedule			1	A			21	66 West 12th Street	ALVIN JOHNSON/J.M. KAPLAN HALL
Classroom	A	618	Mac	0	1	Mac Standard Software	"DVD, VHS (B1 type)"		IT Service Desk 212.229.5300 x4357		Today's Classroom Schedule			1	A			22	66 West 12th Street	ALVIN JOHNSON/J.M. KAPLAN HALL
Classroom	A	701	Mac	0	1	Mac Standard Software	"DVD, VHS (B1 type)"		IT Service Desk 212.229.5300 x4357		Today's Classroom Schedule			1	A			23	66 West 12th Street	ALVIN JOHNSON/J.M. KAPLAN HALL
Classroom	A	702	Mac	0	1	Mac Standard Software	"DVD, VHS (B1 type)"		IT Service Desk 212.229.5300 x4357		Today's Classroom Schedule			1	A			24	66 West 12th Street	ALVIN JOHNSON/J.M. KAPLAN HALL
Event Space	A	712	SVGA Only	0	0				IT Service Desk 212.229.5300 x4357			1			A			25	66 West 12th Street	ALVIN JOHNSON/J.M. KAPLAN HALL
Experimental Classroom	A	713	Mac	0	1	Mac Standard Software	"Blu-ray & DVD from PC, Document Camera, Stream & Capture device"		Media Services 212.229.5300 x2310		Today's Classroom Schedule			1	A			26	66 West 12th Street	ALVIN JOHNSON/J.M. KAPLAN HALL
Classroom	A	715	Mac	0	1	Mac Standard Software	"DVD, VHS (B1 type)"		IT Service Desk 212.229.5300 x4357		Today's Classroom Schedule			1	A			27	66 West 12th Street	ALVIN JOHNSON/J.M. KAPLAN HALL
Classroom	A	716	Mac	0	1	Mac Standard Software	"DVD, VHS (B1 type)"		IT Service Desk 212.229.5300 x4357		Today's Classroom Schedule			1	A			28	66 West 12th Street	ALVIN JOHNSON/J.M. KAPLAN HALL
Conference Room	A	801	Mac (Mac & Windows PC OS)	0	1	Mac & Windows PC Standard Software	"Blu-ray, DVD, Aux HDMI & DVI connection, HD Projector, 2x 65"" LCD, Document Camera, Video Conferencing*"		Media Services 212.229.5300 x2310		Contact Provost's Office to schedule	1			A			29	66 West 12th Street	ALVIN JOHNSON/J.M. KAPLAN HALL
Classroom	B	50	Mac	0	1	Mac Standard Software	"DVD, VHS, Document Camera, Video Conferencing (B2 type)"		Media Services 212.229.5300 x2310 *(Video conferencing requires advanced coordination with the Lang Dean's Office via email to spiegelJ@newschool.edu)		Today's Classroom Schedule			1	B			1	65 West 11th Street	LANG
Express Stations	B	73	Mac	0	13	Mac Express Software			IT Service Desk 212.229.5300 x4357	B&W Printing (remote support)			1		B			2	65 West 11th Street	LANG
Classroom	B	102	Mac	0	1	Mac Standard Software	"DVD, VHS (B2 type)"		IT Service Desk 212.229.5300 x4357		Today's Classroom Schedule			1	B			3	65 West 11th Street	LANG
Classroom	B	258	Mac	0	1	Mac Standard Software	"DVD, VHS (B2 type)"		IT Service Desk 212.229.5300 x4357		Today's Classroom Schedule			1	B			4	65 West 11th Street	LANG
Classroom	B	259	Mac	0	1	Mac Standard Software	"DVD, VHS (B2 type)"		IT Service Desk 212.229.5300 x4357		Today's Classroom Schedule			1	B			5	65 West 11th Street	LANG
Classroom	B	260	Mac	0	1	Mac Standard Software	"DVD, VHS (B2 type)"		IT Service Desk 212.229.5300 x4357		Today's Classroom Schedule			1	B			6	65 West 11th Street	LANG
Classroom	B	261	Mac	0	1	Mac Standard Software	"DVD, VHS (B2 type)"		IT Service Desk 212.229.5300 x4357		Today's Classroom Schedule			1	B			7	65 West 11th Street	LANG
Classroom	B	262	Mac	0	1	Mac Standard Software	"DVD, VHS (B2 type)"		IT Service Desk 212.229.5300 x4357		Today's Classroom Schedule			1	B			8	65 West 11th Street	LANG
Classroom	B	263	Mac	0	1	Mac Standard Software	"DVD, VHS (B2 type)"		IT Service Desk 212.229.5300 x4357		Today's Classroom Schedule			1	B			9	65 West 11th Street	LANG
Conference Room	B	354C	Mac	0	1	Mac Standard Software	"DVD, VHS, Document Camera, Video Conferencing* (B1 type)"		Media Services 212.229.5300 x2310 *(Video conferencing requires advanced coordination with the Lang Dean's Office via email to spiegelJ@newschool.edu)			1			B			10	65 West 11th Street	LANG
Classroom Lang Science Lab	B	459	Mac	0	1	Mac Standard Software	"DVD, VHS (B1 type)"		IT Service Desk 212.229.5300 x4357	Flatbed Scanner				1	B			11	65 West 11th Street	LANG
Classroom	B	464	Mac	0	1	Mac Standard Software	"Blu-ray, DVD, VHS, Aux HDMI & DVI connection, HD Projector, Document Camera, Video Conferencing* (A4 type)"		Media Services 212.229.5300 x2310 *(Video conferencing requires advanced coordination with the Lang Dean's Office via email to spiegelJ@newschool.edu)		Today's Classroom Schedule	1		1	B			12	65 West 11th Street	LANG
Classroom	B	465	Mac	0	1	Mac Standard Software	"DVD, VHS (B2 type)"		IT Service Desk 212.229.5300 x4357		Today's Classroom Schedule			1	B			13	65 West 11th Street	LANG
Event Space	B	500		0	0				Media Services 212.229.5300 x2310			1			B			14	65 West 11th Street	LANG
Express Stations	D	1000	Mac	0	6	Mac Express Software			IT Service Desk 212.229.5300 x4357	B&W Printing ProColor Printing  Plotter Printing			1		D			1	6 East 16th Street	ALBERT AND VERA LIST ACADEMIC CENTER
Classroom	D	1001	Mac	0	1	Mac Standard Software	"DVD, VHS (B1 type)"		IT Service Desk 212.229.5300 x4357	B&W Printing ProColor Printing  Plotter Printing	Todays Classroom Schedule			1	D			2	6 East 16th Street	ALBERT AND VERA LIST ACADEMIC CENTER
Classroom	D	1002	Mac	0	1	Mac Standard Software	"DVD, VHS (B1 type)"		IT Service Desk 212.229.5300 x4357	B&W Printing ProColor Printing  Plotter Printing	Todays Classroom Schedule			1	D			3	6 East 16th Street	ALBERT AND VERA LIST ACADEMIC CENTER
Classroom	D	1003	Mac	0	1	Mac Standard Software	"DVD, VHS (B1 type)"		IT Service Desk 212.229.5300 x4357	B&W Printing ProColor Printing  Plotter Printing	Todays Classroom Schedule			1	D			4	6 East 16th Street	ALBERT AND VERA LIST ACADEMIC CENTER
Classroom	D	1004	Mac	0	1	Mac Standard Software	"DVD, VHS (B1 type)"		IT Service Desk 212.229.5300 x4357	B&W Printing ProColor Printing  Plotter Printing	Todays Classroom Schedule			1	D			5	6 East 16th Street	ALBERT AND VERA LIST ACADEMIC CENTER
Classroom	D	1005	SVGA Only	0	0		"DVD, VHS (B1 type)"		IT Service Desk 212.229.5300 x4357	B&W Printing ProColor Printing  Plotter Printing	Todays Classroom Schedule			1	D			6	6 East 16th Street	ALBERT AND VERA LIST ACADEMIC CENTER
Classroom	D	1006	Mac	0	1	Mac Standard Software	"DVD, VHS (B1 type)"		IT Service Desk 212.229.5300 x4357	B&W Printing ProColor Printing  Plotter Printing	Todays Classroom Schedule			1	D			7	6 East 16th Street	ALBERT AND VERA LIST ACADEMIC CENTER
Classroom	D	1008	Mac	0	1	Mac Standard Software	"DVD, VHS (B1 type)"		IT Service Desk 212.229.5300 x4357	B&W Printing ProColor Printing  Plotter Printing	Todays Classroom Schedule			1	D			8	6 East 16th Street	ALBERT AND VERA LIST ACADEMIC CENTER
Classroom	D	1009	Mac	0	1	Mac Standard Software	"DVD, VHS (A1 type)"		IT Service Desk 212.229.5300 x4357	B&W Printing ProColor Printing  Plotter Printing	Todays Classroom Schedule			1	D			9	6 East 16th Street	ALBERT AND VERA LIST ACADEMIC CENTER
Express Stations	D	1100	Mac	0	6	Mac Express Software			IT Service Desk 212.229.5300 x4357	B&W Printing ProColor Printing  Plotter Printing			1		D			10	6 East 16th Street	ALBERT AND VERA LIST ACADEMIC CENTER
Classroom	D	1101	Mac	0	1	Mac Standard Software	"DVD, VHS (B1 type)"		IT Service Desk 212.229.5300 x4357	B&W Printing ProColor Printing  Plotter Printing	Todays Classroom Schedule			1	D			11	6 East 16th Street	ALBERT AND VERA LIST ACADEMIC CENTER
Classroom	D	1102	Mac	0	1	Mac Standard Software	"DVD, VHS (B1 type)"		IT Service Desk 212.229.5300 x4357	B&W Printing ProColor Printing  Plotter Printing	Todays Classroom Schedule			1	D			12	6 East 16th Street	ALBERT AND VERA LIST ACADEMIC CENTER
Event Space	D	1103	Mac	0	1	Mac Standard Software	"DVD, VHS (A1 type)"		Media Services 212.229.5300 x2310	B&W Printing ProColor Printing  Plotter Printing	Todays Classroom Schedule	1			D			13	6 East 16th Street	ALBERT AND VERA LIST ACADEMIC CENTER
Classroom	D	1104	Mac	0	1	Mac Standard Software	"DVD, VHS (B1 type)"		IT Service Desk 212.229.5300 x4357	B&W Printing ProColor Printing  Plotter Printing	Todays Classroom Schedule			1	D			14	6 East 16th Street	ALBERT AND VERA LIST ACADEMIC CENTER
Classroom	D	1106	Mac	0	1	Mac Standard Software	"DVD, VHS (B1 type)"		IT Service Desk 212.229.5300 x4357	B&W Printing ProColor Printing  Plotter Printing	Todays Classroom Schedule			1	D			15	6 East 16th Street	ALBERT AND VERA LIST ACADEMIC CENTER
Classroom	D	1107	Mac	0	1	Mac Standard Software	"DVD, VHS (B1 type)"		IT Service Desk 212.229.5300 x4357	B&W Printing ProColor Printing  Plotter Printing	Todays Classroom Schedule			1	D			16	6 East 16th Street	ALBERT AND VERA LIST ACADEMIC CENTER
Classroom	D	1108	Mac	0	1	Mac Standard Software	"DVD, VHS (B1 type)"		IT Service Desk 212.229.5300 x4357	B&W Printing ProColor Printing  Plotter Printing	Todays Classroom Schedule			1	D			17	6 East 16th Street	ALBERT AND VERA LIST ACADEMIC CENTER
Classroom	D	1109	Mac	0	21	Mac Standard Software + Avid	"Blu-ray, DVD, VHS (A1 type)"		IT Service Desk 212.229.5300 x4357	"B&W Printing ProColor Printing  Plotter Printing  3 flatbed scanners: D1109-04, 11, 17  SD Card Reader: D1109 01, 11, 21"	Todays Classroom Schedule			1	D			18	6 East 16th Street	ALBERT AND VERA LIST ACADEMIC CENTER
Open Lab	D	1131	Windows PC	11	0	Windows PC Standard & Accessibility Software			IT Service Desk 212.229.5300 x4357	"B&W Printing ProColor Printing  Plotter Printing  2 flatbed scanners: D1131-05, 07  1 Large Format Scanner: D1131-01  ADF (Automatic Document Feeder) Text Scanner: D1131-11 (with scanning for the visually impaired)"	Lab Hours		1		D			19	6 East 16th Street	ALBERT AND VERA LIST ACADEMIC CENTER
Classroom	D	1132	Mac	0	1	Mac Standard Software	"DVD, VHS (B1 type)"		IT Service Desk 212.229.5300 x4357	B&W Printing ProColor Printing  Plotter Printing	Todays Classroom Schedule			1	D			20	6 East 16th Street	ALBERT AND VERA LIST ACADEMIC CENTER
Express Stations	D	1212	Mac	0	4	Mac Express Software			IT Service Desk 212.229.5300 x4357	B&W Printing ProColor Printing  Plotter Printing			1		D			21	6 East 16th Street	ALBERT AND VERA LIST ACADEMIC CENTER
Conference Room	D	1613	Mac	0	1	Mac Express Software			Media Services 212.229.5300 x2310			1			D			22	6 East 16th Street	ALBERT AND VERA LIST ACADEMIC CENTER
Conference Room	D	1618	Mac	0	1	Mac Express Software	"Aux HDMI & VGA connection, HD Projector, 2x 80"" LCD, Video Conferencing*"		Media Services 212.229.5300 x2310		Todays Classroom Schedule	1			D			23	6 East 16th Street	ALBERT AND VERA LIST ACADEMIC CENTER
Conference Room	D	1621	SVGA & HDMI Only	0	0		"52in. LCD, SVGA & HDMI Only (B4 type)"		Media Services 212.229.5300 x2310						D			24	6 East 16th Street	ALBERT AND VERA LIST ACADEMIC CENTER
Conference Room	D	1645	Windows PC	1	0	Windows PC Express Software			Media Services 212.229.5300 x2310			1			D			25	6 East 16th Street	ALBERT AND VERA LIST ACADEMIC CENTER
 Classroom	D	1828	SVGA Only	0	0		"DVD, VHS, Cable Box (B1 type)"		Media Services 212.229.5300 x2310	B&W Printing ProColor Printing  Plotter Printing	Todays Classroom Schedule			1	D			26	6 East 16th Street	ALBERT AND VERA LIST ACADEMIC CENTER
Conference Room 	D	501	SVGA Only	0	0		"DVD, VHS (B1 type)"		IT Service Desk 212.229.5300 x4357			1			D			27	6 East 16th Street	ALBERT AND VERA LIST ACADEMIC CENTER
Classroom	D	706	Windows PC	24	0	Windows PC Standard Software	"DVD, VHS (B1 type)"		IT Service Desk 212.229.5300 x4357	B&W Printing ProColor Printing  Plotter Printing  Drafting Tables	Today's Classroom Schedule			1	D			28	6 East 16th Street	ALBERT AND VERA LIST ACADEMIC CENTER
Classroom	D	605	Mac	0	20	Mac Standard Software	"HD Projector, (2) Large Flat Screen Displays"		IT Service Desk 212.229.5300 x4357	B&W Printing Color Printing Photo Printing (Photo Dept. Only)	Todays Classroom Schedule	1			D			29	6 East 16th Street	ALBERT AND VERA LIST ACADEMIC CENTER
Classroom	D	607	Mac	0	20	Mac Standard Software	"HD Projector, (8) Large Flat Screen Displays, Any station to any display"		IT Service Desk 212.229.5300 x4357	B&W Printing Color Printing 	Todays Classroom Schedule	1			D			30	6 East 16th Street	ALBERT AND VERA LIST ACADEMIC CENTER
Classroom	D	602	Mac	0	20	Mac Standard Software	"(2) HD Projector, (2) Large Flat Screen Displays"		IT Service Desk 212.229.5300 x4357	B&W Printing Color Printing 	Todays Classroom Schedule	1			D			31	6 East 16th Street	ALBERT AND VERA LIST ACADEMIC CENTER
Conference Room	D	604	Mac	0	1	Mac Standard Software	"Flat Screen Display,  HDMI, VGA, Wireless Video Connection"		IT Service Desk 212.229.5300 x4357	B&W Printing Color Printing 					D			32	6 East 16th Street	ALBERT AND VERA LIST ACADEMIC CENTER
Conference Room	D	608	Mac	0	1	Mac Standard Software	"Flat Screen Display,  HDMI, VGA, Wireless Video Connection"		IT Service Desk 212.229.5300 x4357	B&W Printing Color Printing 					D			33	6 East 16th Street	ALBERT AND VERA LIST ACADEMIC CENTER
Classroom	D	600	Mac	0	1	Mac & Windows PC Standard Software	"HD Projector,  HDMI, VGA, Annotation"		IT Service Desk 212.229.5300 x4357	B&W Printing Color Printing 	Todays Classroom Schedule	1			D			34	6 East 16th Street	ALBERT AND VERA LIST ACADEMIC CENTER
Classroom	D	601	Mac	0	1	Mac & Windows PC Standard Software	"HD Projector,  HDMI, VGA, Annotation"		IT Service Desk 212.229.5300 x4357	B&W Printing Color Printing 	Todays Classroom Schedule	1			D			35	6 East 16th Street	ALBERT AND VERA LIST ACADEMIC CENTER
Classroom	D	603	Mac	0	1	Mac & Windows PC Standard Software	"HD Projector,  HDMI, VGA, Annotation"		IT Service Desk 212.229.5300 x4357	B&W Printing Color Printing 	Todays Classroom Schedule	1			D			36	6 East 16th Street	ALBERT AND VERA LIST ACADEMIC CENTER
Classroom	D	609	Mac	0	1	Mac & Windows PC Standard Software	"HD Projector,  HDMI, VGA, Annotation, LIghting Grid"		IT Service Desk 212.229.5300 x4357	B&W Printing Color Printing 	Todays Classroom Schedule	1			D			37	6 East 16th Street	ALBERT AND VERA LIST ACADEMIC CENTER
Classroom	D	610	Mac	0	1	Mac & Windows PC Standard Software	"HD Projector,  HDMI, VGA, Annotation, Lighting Grid"		IT Service Desk 212.229.5300 x4357	B&W Printing Color Printing 	Todays Classroom Schedule	1			D			38	6 East 16th Street	ALBERT AND VERA LIST ACADEMIC CENTER
Classroom	D	611	Mac	0	1	Mac & Windows PC Standard Software	"HD Projector,  4K Flat Panel Display,  7.1 Surround Sound, HDMI, VGA, Annotation"		IT Service Desk 212.229.5300 x4357	B&W Printing Color Printing 	Todays Classroom Schedule	1			D			39	6 East 16th Street	ALBERT AND VERA LIST ACADEMIC CENTER
Classroom	D	701	Windows PC	20	0	Windows PC Standard Software	"DVD, VHS (B1 type)"		IT Service Desk 212.229.5300 x4357	B&W Printing ProColor Printing  Plotter Printing	Today's Classroom Schedule				D			40	6 East 16th Street	ALBERT AND VERA LIST ACADEMIC CENTER
Classroom	D	703	Mac 	20	0	Mac Standard Software	"DVD, VHS (B1 type)"		IT Service Desk 212.229.5300 x4357	B&W Printing ProColor Printing  Plotter Printing Photo Printing  (Photo Dpt. Only)	Today's Classroom Schedule				D			41	6 East 16th Street	ALBERT AND VERA LIST ACADEMIC CENTER
Classroom	D	704	Mac	0	1	Mac Standard Software	"DVD, VHS (B1 type)"		IT Service Desk 212.229.5300 x4357	B&W Printing ProColor Printing  Plotter Printing	Today's Classroom Schedule			1	D			42	6 East 16th Street	ALBERT AND VERA LIST ACADEMIC CENTER
Classroom	D	705	Mac	0	1	Mac Standard Software	"DVD, VHS (B1 type)"		IT Service Desk 212.229.5300 x4357	B&W Printing ProColor Printing  Plotter Printing	Today's Classroom Schedule			1	D			43	6 East 16th Street	ALBERT AND VERA LIST ACADEMIC CENTER
Classroom	D	706	Windows PC	24	0	Windows PC Standard Software	"DVD, VHS (B1 type)"		IT Service Desk 212.229.5300 x4357	B&W Printing ProColor Printing  Plotter Printing  Drafting Tables	Today's Classroom Schedule			1	D			44	6 East 16th Street	ALBERT AND VERA LIST ACADEMIC CENTER
Open Lab	D	707	Windows PC	3	0	Windows PC Standard Software			IT Service Desk 212.229.5300 x4357	B&W Printing ProColor Printing  Plotter Printing  3 Large Format Scanners: D707-01 through 03	Lab Hours		1		D			45	6 East 16th Street	ALBERT AND VERA LIST ACADEMIC CENTER
Classroom	D	708	Windows PC	24	0	Windows PC Standard Software	"DVD, VHS (B1 type)"		IT Service Desk 212.229.5300 x4357	B&W Printing ProColor Printing  Plotter Printing  Drafting Tables	Today's Classroom Schedule			1	D			46	6 East 16th Street	ALBERT AND VERA LIST ACADEMIC CENTER
Conference Room	D	709	SVGA Only	0	0		"DVD, VHS (B1 type)"		Media Services 212.229.5300 x2310			1			D			47	6 East 16th Street	ALBERT AND VERA LIST ACADEMIC CENTER
Express Stations	D	710	Windows PC	2	0	Windows PC Express Software			IT Service Desk 212.229.5300 x4357	B&W Printing ProColor Printing  Plotter Printing			1		D			48	6 East 16th Street	ALBERT AND VERA LIST ACADEMIC CENTER
Classroom	D	734	Mac	0	1	Mac Standard Software	"DVD, VHS (B1 type)"		IT Service Desk 212.229.5300 x4357	B&W Printing ProColor Printing  Plotter Printing	Today's Classroom Schedule			1	D			49	6 East 16th Street	ALBERT AND VERA LIST ACADEMIC CENTER
Conference Room	D	805	Mac	0	1	Mac & Windows PC Standard Software	"65"" LCD"		IT Service Desk 212.229.5300 x4357			1		1	D			50	6 East 16th Street	ALBERT AND VERA LIST ACADEMIC CENTER
Conference Room	D	808	Mac	0	1	Mac & Windows PC Standard Software	"65"" LCD"		IT Service Desk 212.229.5300 x4357						D			51	6 East 16th Street	ALBERT AND VERA LIST ACADEMIC CENTER
Conference Room	D	809	Mac	0	1	Mac & Windows PC Standard Software	"65"" LCD"		IT Service Desk 212.229.5300 x4357						D			52	6 East 16th Street	ALBERT AND VERA LIST ACADEMIC CENTER
Conference Room	D	819	Mac	0	1	Mac & Windows PC Standard Software	"65"" LCD"		IT Service Desk 212.229.5300 x4357						D			53	6 East 16th Street	ALBERT AND VERA LIST ACADEMIC CENTER
Express Stations	D	900	Mac	6	0	Mac Express Software			IT Service Desk 212.229.5300 x4357	B&W Printing ProColor Printing  Plotter Printing			1		D			54	6 East 16th Street	ALBERT AND VERA LIST ACADEMIC CENTER
Classroom	D	901	Mac	0	1	Mac Standard Software	"DVD, VHS (B1 type)"		IT Service Desk 212.229.5300 x4357	B&W Printing ProColor Printing  Plotter Printing	Today's Classroom Schedule			1	D			55	6 East 16th Street	ALBERT AND VERA LIST ACADEMIC CENTER
Classroom	D	902	Mac	0	1	Mac Standard Software	"DVD, VHS (B1 type)"		IT Service Desk 212.229.5300 x4357	B&W Printing ProColor Printing  Plotter Printing	Today's Classroom Schedule			1	D			56	6 East 16th Street	ALBERT AND VERA LIST ACADEMIC CENTER
Classroom	D	903	Mac	0	1	Mac Standard Software	"DVD, VHS (B1 type)"		IT Service Desk 212.229.5300 x4357	B&W Printing ProColor Printing  Plotter Printing	Today's Classroom Schedule			1	D			57	6 East 16th Street	ALBERT AND VERA LIST ACADEMIC CENTER
Classroom	D	904	Mac	0	1	Mac Standard Software	"DVD, VHS (B1 type)"		IT Service Desk 212.229.5300 x4357	B&W Printing ProColor Printing  Plotter Printing	Today's Classroom Schedule			1	D			58	6 East 16th Street	ALBERT AND VERA LIST ACADEMIC CENTER
Classroom	D	906	Mac	0	1	Mac Standard Software	"DVD, VHS (B1 type)"		IT Service Desk 212.229.5300 x4357	B&W Printing ProColor Printing  Plotter Printing	Today's Classroom Schedule			1	D			59	6 East 16th Street	ALBERT AND VERA LIST ACADEMIC CENTER
Classroom	D	908	Mac	0	1	Mac Standard Software	"DVD, VHS (B1 type)"		IT Service Desk 212.229.5300 x4357	B&W Printing ProColor Printing  Plotter Printing	Today's Classroom Schedule			1	D			60	6 East 16th Street	ALBERT AND VERA LIST ACADEMIC CENTER
Classroom	D	909	Mac	0	1	Mac Standard Software	"DVD, VHS (B1 type)"		IT Service Desk 212.229.5300 x4357	B&W Printing ProColor Printing  Plotter Printing	Today's Classroom Schedule			1	D			61	6 East 16th Street	ALBERT AND VERA LIST ACADEMIC CENTER
Classroom	D	910	Mac	0	1	Mac Standard Software	"DVD, VHS (B1 type)"		IT Service Desk 212.229.5300 x4357	B&W Printing ProColor Printing  Plotter Printing	Today's Classroom Schedule			1	D			62	6 East 16th Street	ALBERT AND VERA LIST ACADEMIC CENTER
Classroom	D	911	Mac	0	1	Mac Standard Software	"DVD, VHS (B1 type)"		IT Service Desk 212.229.5300 x4357	B&W Printing ProColor Printing  Plotter Printing	Today's Classroom Schedule			1	D			63	6 East 16th Street	ALBERT AND VERA LIST ACADEMIC CENTER
Classroom	D	912	Mac	0	1	Mac Standard Software	"DVD, VHS (B1 type)"		IT Service Desk 212.229.5300 x4357	B&W Printing ProColor Printing  Plotter Printing	Today's Classroom Schedule			1	D			64	6 East 16th Street	ALBERT AND VERA LIST ACADEMIC CENTER
Classroom	D	913	Mac	0	1	Mac Standard Software	"DVD, VHS (B1 type)"		IT Service Desk 212.229.5300 x4357	B&W Printing ProColor Printing  Plotter Printing	Today's Classroom Schedule			1	D			65	6 East 16th Street	ALBERT AND VERA LIST ACADEMIC CENTER
Classroom	E	204	Mac	0	1	Mac Standard Software	"DVD, VHS (B1 type)"		See Lab Staff	B&W Printing ProColor Printing  Plotter Printing	Todays Classroom Schedule			1	E			1	25 East 13th Street	PARSONS EAST BUILDING
Classroom	E	206	Mac	0	1	Mac Standard Software	"DVD, VHS (B1 type)"		See Lab Staff	B&W Printing ProColor Printing  Plotter Printing	Todays Classroom Schedule			1	E			2	25 East 13th Street	PARSONS EAST BUILDING
Open Lab	E	208A	Windows PC & Mac	16	5	Mac & Windows PC Standard Software			See Lab Staff	"B&W Printing ProColor Printing  Plotter Printing  6 flatbed scanners: E208A-Scan01-04, E208A-11, & 15 1 Large Format Scanner: E208A-14  E209A-01 to 04: Universal Laser V-460 Contact your department for assistance. AT supports the computers"	Lab Hours		1		E			3	25 East 13th Street	PARSONS EAST BUILDING
Open Lab	E	300A	Windows PC	14	0	Windows PC Standard Software			See Lab Staff	"B&W Printing ProColor Printing  Plotter Printing  3 flatbed scanners: E300A-02, 08, & 14 1 Large Format Scanner: E300A-01"	Lab Hours		1		E			4	25 East 13th Street	PARSONS EAST BUILDING
Classroom	E	302	Mac	0	1	Mac Standard Software	"DVD, VHS (B1 type)"		IT Service Desk 212.229.5300 x4357	B&W Printing ProColor Printing  Plotter Printing	Todays Classroom Schedule			1	E			5	25 East 13th Street	PARSONS EAST BUILDING
Classroom	E	307	Mac	0	1	Mac Standard Software	"DVD, VHS (B1 type)"		IT Service Desk 212.229.5300 x4357	B&W Printing ProColor Printing  Plotter Printing	Todays Classroom Schedule			1	E			6	25 East 13th Street	PARSONS EAST BUILDING
Classroom	E	404	Mac	0	1	Mac Standard Software	"DVD, VHS (B1 type)"		IT Service Desk 212.229.5300 x4357	B&W Printing ProColor Printing  Plotter Printing	Todays Classroom Schedule			1	E			7	25 East 13th Street	PARSONS EAST BUILDING
Classroom	E	502	Mac	0	1	Mac Standard Software	"DVD, VHS (B1 type)"		IT Service Desk 212.229.5300 x4357	B&W Printing ProColor Printing  Plotter Printing	Todays Classroom Schedule			1	E			8	25 East 13th Street	PARSONS EAST BUILDING
Classroom	E	503	Mac	0	1	Mac Standard Software	"DVD, VHS (B1 type)"		IT Service Desk 212.229.5300 x4357	B&W Printing ProColor Printing  Plotter Printing	Todays Classroom Schedule			1	E			9	25 East 13th Street	PARSONS EAST BUILDING
Conference Room	G	319	SVGA Only	0	0		"65"" LCD, Aux HDMI & Component connection"		Media Services 212.229.5300 x2310			1			G			1	80 Fifth Avenue	80 FIFTH AVENUE
Conference Room	G	529	Mac	0	1	Mac Standard Software	"DVD, VHS (B1 type)"		Media Services 212.229.5300 x2310			1			G			2	80 Fifth Avenue	80 FIFTH AVENUE
Conference Room	G	619	"SVGA, HDMI Only"	0	0		"60in. LCD, SVGA & HDMI Only (B4 type)"		Media Services 212.229.5300 x2310			1			G			3	80 Fifth Avenue	80 FIFTH AVENUE
Conference Room	G	703	"SVGA, HDMI Only"	0	0		SVGA & HDMI Only (B4 type)		Media Services 212.229.5300 x2310			1			G			4	80 Fifth Avenue	80 FIFTH AVENUE
Conference Room	G	800	Mac	0	1	Mac Standard Software	Laptop HDMI and VGA Connections		Media Services 212.229.5300 x2310			1			G			5	80 Fifth Avenue	80 FIFTH AVENUE
Conference Room	G	801		0	0		Laptop HDMI and VGA Connections		Media Services 212.229.5300 x2310			1			G			6	80 Fifth Avenue	80 FIFTH AVENUE
Classroom	H	321	Mac	0	1	Mac Standard Software	"DVD, VHS (B1 type)"		IT Service Desk 212.229.5300 x4357		Todays Classroom Schedule			1	H			1	72 Fifth Avenue	FANTON HALL/WELCOME CENTER
Express Stations	H	500	Windows PC	1	0	Windows PC Express Software			IT Service Desk 212.229.5300 x4357				1		H			2	72 Fifth Avenue	FANTON HALL/WELCOME CENTER
Express Stations	H	600	Windows PC	1	0	Windows PC Express Software			IT Service Desk 212.229.5300 x4357				1		H			3	72 Fifth Avenue	FANTON HALL/WELCOME CENTER
Express Stations	H	700	Windows PC	1	0	Windows PC Express Software			IT Service Desk 212.229.5300 x4357				1		H			4	72 Fifth Avenue	FANTON HALL/WELCOME CENTER
Classroom	H	713	Mac	0	1	Mac Standard Software	"DVD, VHS (B1 type)"		IT Service Desk 212.229.5300 x4357		Todays Classroom Schedule			1	H			5	72 Fifth Avenue	FANTON HALL/WELCOME CENTER
Event Space	i	202		0	0				Media Services 212.229.5300 x2310			1			i			1	55 West 13th Street	ARNHOLD HALL
Event Space	i	205	SVGA Only	0	0		"42"" Plasma monitor, VHS, Cable Box"		Media Services 212.229.5300 x2310			1			i			2	56 West 13th Street	ARNHOLD HALL
Classroom  Jazz Dept. Supported	i	545	Mac (No Projection)	0	1	Mac Standard Software	"CD player, Audio cassette, Aux audio connection, Mic mixer (A3 type)"		Jazz Dept. Staff 212.229.5896 x4574 or IT Service Desk 212.229.5300 x4357 (after Jazz Dept. hours)		Todays Classroom Schedule			1	i			3	57 West 13th Street	ARNHOLD HALL
Classroom  Jazz Dept. Supported	i	613	Windows PC	1	0	Windows PC Standard Software	"DVD, VHS (B2 type)"		Jazz Dept. Staff 212.229.5896 x4574 or IT Service Desk 212.229.5300 x4357 (after Jazz Dept. hours)		Today's Classroom Schedule			1	i			4	58 West 13th Street	ARNHOLD HALL
Classroom  Jazz Dept. Supported	i	618	Mac	0	1	Mac Standard Software	"DVD, Blu-ray, CD player, Audio cassette, Aux HDMI & DVI connection, Mic mixer (A3 type)"		Jazz Dept. Staff 212.229.5896 x4574 or IT Service Desk 212.229.5300 x4357 (after Jazz Dept. hours)		Todays Classroom Schedule			1	i			5	59 West 13th Street	ARNHOLD HALL
Classroom  Jazz Dept. Supported	i	624	Mac	0	1	Mac Standard Software	"DVD, Blu-ray, CD player, Audio cassette, Aux HDMI & DVI connection, Mic mixer (A3 type)"		Jazz Dept. Staff 212.229.5896 x4574 or IT Service Desk 212.229.5300 x4357 (after Jazz Dept. hours)		Todays Classroom Schedule			1	i			6	60 West 13th Street	ARNHOLD HALL
Classroom  Jazz Dept. Supported	i	645	Mac	0	1	Mac Standard Software	"DVD, Blu-ray, Audio cassette, Aux HDMI & DVI connection, Piano lab controller (A3 type)"		Jazz Dept. Staff 212.229.5896 x4574 or IT Service Desk 212.229.5300 x4357 (after Jazz Dept. hours)		Todays Classroom Schedule			1	i			7	61 West 13th Street	ARNHOLD HALL
Express Stations	i	801	Mac	0	1	Mac Express Software			See Lab Staff	B&W Printing Color Printing ProColor Printing  Plotter Printing	Lab Hours		1		i			8	62 West 13th Street	ARNHOLD HALL
Help Kiosks	i	801	Mac	0	1	Mac Help Kiosk Software			See Lab Staff	B&W Printing Color Printing ProColor Printing  Plotter Printing	Lab Hours		1		i			9	63 West 13th Street	ARNHOLD HALL
Open Lab	i	802	Windows PC & Mac	25	80	"Windows PC Standard Software, Mac Standard Software + Avid, Advanced Audio Software"			AT Dispatch 212.229.5300 x4538	"B&W Printing Color Printing ProColor Printing  Plotter Printing  1 Imacon Drum Scanners: i802-12  11 Large Format Scanners: i802-10, 11, 13, 14, 16, 23, 24, 31, 32, 33, & 43  2 Flatbed & Transparency Scanners: i802-15 &35  1 Film and Slide Scanner: i802-34  1 Stop Motion Animation Stand: i802-42 via FrameThief  3 flatbed scanners: i802-01, 02, 03  ProTools LE via Mbox 2 Pro and MIDI keyboard with sustain pedal: i802-97 thru 104  "	Lab Hours		1		i			10	64 West 13th Street	ARNHOLD HALL
Classroom	i	803	Mac	0	15	Mac Standard Software + Pro Tools & Avid	"DVD, VHS (B1 type)"		IT Service Desk 212.229.5300 x4357	"B&W Printing Color Printing ProColor Printing  Plotter Printing  3 flatbed scanners: i803-06, 10, 15  SD Card Reader: i803-01, 04, 09"	Todays Classroom Schedule			1	i			11	65 West 13th Street	ARNHOLD HALL
Classroom	i	804	Mac	0	21	Mac Standard Software	"Blu-ray, DVD, VHS, 46? LCD, Multi-format Card Reader, HD Projector (B5 type)"		IT Service Desk 212.229.5300 x4357	B&W Printing Color Printing ProColor Printing  Plotter Printing	Todays Classroom Schedule			1	i			12	66 West 13th Street	ARNHOLD HALL
Classroom	i	805	Mac	0	15	Mac Advanced Audio Software	"Blu-ray, DVD, VHS, Aux HDMI & DVI connection, Specialty Audio Peripherals, HD Projector (A4 type)"		IT Service Desk 212.229.5300 x4357	B&W Printing Color Printing ProColor Printing  Plotter Printing  Pro Tools LE via Mbox 2 Pro and MIDI keyboard with sustain pedal  FMR RNP 2 Channel Preamp	Todays Classroom Schedule			1	i			13	67 West 13th Street	ARNHOLD HALL
Classroom	i	806	Mac	0	13	Mac Advanced Audio Software + Avid	"Blu-ray, DVD, VHS, Aux HDMI & DVI connection, Specialty Audio Peripherals, HD Projector (A1 type)"		IT Service Desk 212.229.5300 x4357	B&W Printing Color Printing ProColor Printing  Plotter Printing  Pro Tools LE via Mbox 2 Pro and MIDI keyboard with sustain pedal  FMR RNP 2 Channel Preamp	Todays Classroom Schedule			1	i			14	68 West 13th Street	ARNHOLD HALL
Audio/Video Suite	i	807	Mac	0	1	Audio Suite Software			See Lab Staff	B&W Printing Color Printing ProColor Printing  Plotter Printing  Avid Digi003-Studio   Dorrough's 40-A Analog Loudness Meter  Tannoy Reveal 601a Studio Monitors	Reserve in MyNewSchool		1		i			15	69 West 13th Street	ARNHOLD HALL
Audio/Video Suite	i	8127	Mac	0	1	Audio Suite Software			See Lab Staff	B&W Printing Color Printing ProColor Printing  Plotter Printing  Pro Tools TDM 10  Dorrough's 40-A Analog Loudness Meter  Denon DN-600F CD Player  Fostex D-15 Digital Master Recorder  Avid Command8 controller  API A2D Mic. Preamp  Kramer VS-88A Router  Tannoy Reveal 601a Studio Monitors  Acoustic Treatment 	Reserve in MyNewSchool		1		i			16	70 West 13th Street	ARNHOLD HALL
Audio/Video Suite	i	8137	Mac	0	1	Mac Standard Software			See Lab Staff	Betacam SP  DVD-DVD Recorder  Cassette  CD Player  DAT  DVD/VCD Player  Laser Disc Player  SVHS  Waveform Vectorscope   TV Monitors  M-Box 2 Pro for capture into GarageBand & Audition  Mac station with Kona LHi Capture Card and RAID storage array.	Reserve in MyNewSchool		1		i			17	71 West 13th Street	ARNHOLD HALL
Audio/Video Suite	i	8147	Mac	0	1	Mac Standard Software + Avid			See Lab Staff	B&W Printing Color Printing ProColor Printing  Plotter Printing  Multi-Format Card Reader  Avid Artist Control  Digital audio interface  Speakers  Panasonic HDTV monitor with auxiliary connection	Reserve in MyNewSchool		1		i			18	72 West 13th Street	ARNHOLD HALL
Audio/Video Suite	i	8157	Mac	0	1	Mac Standard Software + Avid			See Lab Staff	B&W Printing Color Printing ProColor Printing  Plotter Printing  Multi-Format Card Reader  Avid Artist Control  Digital audio interface  Speakers  Panasonic HDTV monitor with auxiliary connection	Reserve in MyNewSchool		1		i			19	73 West 13th Street	ARNHOLD HALL
Audio/Video Suite	i	8167	Mac	0	1	Mac Standard Software + Avid			See Lab Staff	B&W Printing Color Printing ProColor Printing  Plotter Printing  Multi-Format Card Reader  Avid Artist Control  Digital audio interface  Speakers  Panasonic HDTV monitor with auxiliary connection	Reserve in MyNewSchool		1		i			20	74 West 13th Street	ARNHOLD HALL
Audio/Video Suite	i	8177	Mac	0	1	Audio Suite Software			See Lab Staff	B&W Printing Color Printing ProColor Printing  Plotter Printing  Pro Tools TDM 10  Novation Impulse61 MIDI keyboard  Dorrough's 40-A Analog Loudness Meter  Denon DN-600F CD Player  Tascam CF/CD Backup recorder  Avid Command8 controller  API A2D Mic. Preamp  Kramer VS-88A Router  Tannoy Reveal 601a Studio Monitors  Acoustic Treatment 	Reserve in MyNewSchool		1		i			21	75 West 13th Street	ARNHOLD HALL
Audio/Video Suite	i	818		0	0				See Lab Staff	Soundproof recording booth  Video monitor and audio recording inputs with connection to i820-Audio03 and i817-Audio04	Reserve in MyNewSchool		1		i			22	76 West 13th Street	ARNHOLD HALL
Audio/Video Suite	i	820	Mac	0	1	Audio Suite Software			See Lab Staff	B&W Printing Color Printing ProColor Printing  Plotter Printing  Avid C24 Console  Digidesign master synch interface   Dorrough's 40-A Analog Loudness Meter  Preamps API A2D & UA 2-610   Dual Vacuum-tube Processor  Compressor  Electronic Finalizers  Equalizer/Limiter  Delay F/X Machine  Mackie 16.8 Bus Mixing Console  Tascam CF/CD Backup Recorder  Denon DN-600F CD Player  DVD Player  Tannoy Reveal 601a Studio Monitors  Acoustic Treatment	Reserve in MyNewSchool		1		i			23	77 West 13th Street	ARNHOLD HALL
Classroom & Audio/Video Suite	i	821	Mac	0	1	Mac Standard Software + Avid	"Blu-ray, DVD, VHS, 46? LCD, Multi-format Card Reader, HD Projector (B5 type)"		See Lab Staff	B&W Printing Color Printing ProColor Printing  Plotter Printing  XLR inputs for i820-Audio03  Headphone amps 1 & 2  Lighting Grid  Multi-Format Card Reader  Acoustic Treatment	Reserve in MyNewSchool		1	1	i			24	78 West 13th Street	ARNHOLD HALL
Help Kiosks	i	900	Mac	0	1	Mac Help Kiosk Software			See Lab Staff	B&W Printing Color Printing ProColor Printing  Plotter Printing	Lab Hours		1		i			25	79 West 13th Street	ARNHOLD HALL
Classroom	i	907	Mac	0	1	Mac & Windows PC Standard Software	"Blu-ray, DVD, VHS, Aux HDMI & DVI connection, HD Projector (A1 type)"		IT Service Desk 212.229.5300 x4357	B&W Printing Color Printing ProColor Printing  Plotter Printing	Todays Classroom Schedule			1	i			26	80 West 13th Street	ARNHOLD HALL
Classroom	i	908	Mac	0	1	Mac & Windows PC Standard Software	"Blu-ray, DVD, VHS, Aux HDMI & DVI connection, HD Projector (A1 type)"		IT Service Desk 212.229.5300 x4357	B&W Printing Color Printing ProColor Printing  Plotter Printing	Todays Classroom Schedule			1	i			27	81 West 13th Street	ARNHOLD HALL
Classroom	i	909	Mac	0	1	Mac & Windows PC Standard Software	"DVD, VHS, Multi-format Card Reader, 13in TV (B1 type)"		IT Service Desk 212.229.5300 x4357	B&W Printing Color Printing ProColor Printing  Plotter Printing	Todays Classroom Schedule			1	i			28	82 West 13th Street	ARNHOLD HALL
Classroom	i	913	Windows PC	18	0	Windows PC Standard Software	"Blu-ray, DVD, VHS, Aux HDMI & DVI connection, HD Projector (A1 type)"		IT Service Desk 212.229.5300 x4357	"B&W Printing Color Printing ProColor Printing  Plotter Printing  3 flat bed scanners: i913-01, 13, 18"	Todays Classroom Schedule			1	i			29	83 West 13th Street	ARNHOLD HALL
Classroom	i	930	Mac	0	1	Mac & Windows PC Standard Software	"DVD, VHS (B1 type)"		IT Service Desk 212.229.5300 x4357	B&W Printing Color Printing ProColor Printing  Plotter Printing	Todays Classroom Schedule			1	i			30	84 West 13th Street	ARNHOLD HALL
Classroom	L	1005B	Mac	0	1	Mac Standard Software	"DVD, VHS (A1 type)"		IT Service Desk 212.229.5300 x4357		Todays Classroom Schedule			1	L			1	2 West 13th Street 	SHEILA C. JOHNSON DESIGN CENTER
Classroom	L	1006	Mac	0	1	Mac Standard Software	"Blu-ray, DVD, VHS, Aux HDMI & DVI connection, HD Projector (A4 type)"		IT Service Desk 212.229.5300 x4357		Todays Classroom Schedule			1	L			2	2 West 13th Street 	SHEILA C. JOHNSON DESIGN CENTER
Conference Room	L	101	SVGA Only	0	0		"42"" Plasma monitor"		Media Services 212.229.5300 x2310			1			L			3	2 West 13th Street 	SHEILA C. JOHNSON DESIGN CENTER
Classroom	L	1100	Mac	0	1	Mac Standard Software	"Blu-ray, DVD, VHS, Aux HDMI & DVI connection, HD Projector (A4 type)"		IT Service Desk 212.229.5300 x4357		Todays Classroom Schedule			1	L			4	2 West 13th Street 	SHEILA C. JOHNSON DESIGN CENTER
Classroom	L	1101	Mac	0	1	Mac Standard Software	"DVD, VHS (A1 type)"		IT Service Desk 212.229.5300 x4357		Todays Classroom Schedule			1	L			5	2 West 13th Street 	SHEILA C. JOHNSON DESIGN CENTER
Classroom	L	1102	Mac	0	1	Mac Standard Software	"DVD, VHS (A1 type)"		IT Service Desk 212.229.5300 x4357		Todays Classroom Schedule			1	L			6	2 West 13th Street 	SHEILA C. JOHNSON DESIGN CENTER
Classroom	L	1103	Mac	0	1	Mac Standard Software	"DVD, VHS (A1 type)"		IT Service Desk 212.229.5300 x4357		Todays Classroom Schedule			1	L			7	2 West 13th Street 	SHEILA C. JOHNSON DESIGN CENTER
Classroom	L	1104	Mac	0	1	Mac Standard Software	"DVD, VHS (B1 type)"		IT Service Desk 212.229.5300 x4357		Todays Classroom Schedule			1	L			8	2 West 13th Street 	SHEILA C. JOHNSON DESIGN CENTER
Classroom	L	1108	Mac	0	1	Mac Standard Software	"DVD, VHS (B1 type)"		IT Service Desk 212.229.5300 x4357		Todays Classroom Schedule			1	L			9	2 West 13th Street 	SHEILA C. JOHNSON DESIGN CENTER
Classroom	L	1111	Mac	0	1	Mac Standard Software	"DVD, VHS (A1 type)"		IT Service Desk 212.229.5300 x4357		Todays Classroom Schedule			1	L			10	2 West 13th Street 	SHEILA C. JOHNSON DESIGN CENTER
Classroom	L	300	Mac	0	1	Mac Standard Software	"DVD, VHS, (B1 type)"		IT Service Desk 212.229.5300 x4357		Todays Classroom Schedule			1	L			11	2 West 13th Street 	SHEILA C. JOHNSON DESIGN CENTER
Classroom	L	301	Mac	0	1	Mac Standard Software	"DVD, VHS (B1 type)"		IT Service Desk 212.229.5300 x4357		Todays Classroom Schedule			1	L			12	2 West 13th Street 	SHEILA C. JOHNSON DESIGN CENTER
Classroom	L	310	Mac	0	1	Mac Standard Software	"DVD, VHS (B1 type)"		IT Service Desk 212.229.5300 x4357		Todays Classroom Schedule			1	L			13	2 West 13th Street 	SHEILA C. JOHNSON DESIGN CENTER
Classroom	L	311	Mac	0	1	Mac Standard Software	"DVD, VHS (B1 type)"		IT Service Desk 212.229.5300 x4357		Todays Classroom Schedule			1	L			14	2 West 13th Street 	SHEILA C. JOHNSON DESIGN CENTER
Express Stations	L	400	Windows PC	7	0	Windows PC Express Software							1		L			15	2 West 13th Street 	SHEILA C. JOHNSON DESIGN CENTER
Classroom	L	500	Mac	0	1	Mac Standard Software	"DVD, VHS (B1 type)"		IT Service Desk 212.229.5300 x4357		Todays Classroom Schedule			1	L			16	2 West 13th Street 	SHEILA C. JOHNSON DESIGN CENTER
Classroom	L	503	Mac	0	1	Mac Standard Software	"DVD, VHS (B1 type)"		IT Service Desk 212.229.5300 x4357		Todays Classroom Schedule			1	L			17	2 West 13th Street 	SHEILA C. JOHNSON DESIGN CENTER
Classroom	L	504	Mac	0	1	Mac Standard Software	"DVD, VHS (B1 type)"		IT Service Desk 212.229.5300 x4357		Todays Classroom Schedule			1	L			18	2 West 13th Street 	SHEILA C. JOHNSON DESIGN CENTER
Classroom	L	511	Mac	0	1	Mac Standard Software	LCD Cart		IT Service Desk 212.229.5300 x4357		Todays Classroom Schedule			1	L			19	2 West 13th Street 	SHEILA C. JOHNSON DESIGN CENTER
Classroom	L	601	SVGA Only	0	0		"SVGA Only, Dual independent LCD projectors (B4 type)"				Todays Classroom Schedule			1	L			20	2 West 13th Street 	SHEILA C. JOHNSON DESIGN CENTER
Classroom	L	602	Mac	0	1	Mac Standard Software	"DVD, VHS (B1 type)"		IT Service Desk 212.229.5300 x4357		Todays Classroom Schedule			1	L			21	2 West 13th Street 	SHEILA C. JOHNSON DESIGN CENTER
Classroom	L	603	Mac	0	1	Mac Standard Software	"DVD, VHS (B1 type)"		IT Service Desk 212.229.5300 x4357		Todays Classroom Schedule			1	L			22	2 West 13th Street 	SHEILA C. JOHNSON DESIGN CENTER
Classroom	L	612	Mac	0	1	Mac Standard Software	"DVD, VHS (B1 type)"		IT Service Desk 212.229.5300 x4357		Todays Classroom Schedule			1	L			23	2 West 13th Street 	SHEILA C. JOHNSON DESIGN CENTER
Classroom	L	701	Mac	0	1	Mac Standard Software	"Blu-ray, DVD, VHS, Aux HDMI & DVI connection, HD Projector (A4 type)"		IT Service Desk 212.229.5300 x4357		Todays Classroom Schedule			1	L			24	2 West 13th Street 	SHEILA C. JOHNSON DESIGN CENTER
Classroom	L	702	Mac	0	1	Mac Standard Software	"Blu-ray, DVD, VHS, Aux HDMI & DVI connection, HD Projector (A4 type)"		IT Service Desk 212.229.5300 x4357		Todays Classroom Schedule			1	L			25	2 West 13th Street 	SHEILA C. JOHNSON DESIGN CENTER
Classroom	L	703	Mac	0	1	Mac Standard Software	"DVD, VHS (B1 type)"		IT Service Desk 212.229.5300 x4357		Todays Classroom Schedule			1	L			26	2 West 13th Street 	SHEILA C. JOHNSON DESIGN CENTER
Classroom	L	704	Mac	0	1	Mac Standard Software	"DVD, VHS (B1 type)"		IT Service Desk 212.229.5300 x4357		Todays Classroom Schedule			1	L			27	2 West 13th Street 	SHEILA C. JOHNSON DESIGN CENTER
Classroom	L	711	Mac	0	1	Mac Standard Software	"Blu-ray, DVD, VHS, Aux HDMI & DVI connection, HD Projector (A4 type)"		IT Service Desk 212.229.5300 x4357		Todays Classroom Schedule			1	L			28	2 West 13th Street 	SHEILA C. JOHNSON DESIGN CENTER
Classroom	L	801	Mac	0	1	Mac Standard Software	"DVD, VHS (A1 type)"		IT Service Desk 212.229.5300 x4357		Todays Classroom Schedule			1	L			29	2 West 13th Street 	SHEILA C. JOHNSON DESIGN CENTER
Classroom	L	802	Mac	0	1	Mac Standard Software	"DVD, VHS (B1 type)"		IT Service Desk 212.229.5300 x4357		Todays Classroom Schedule			1	L			30	2 West 13th Street 	SHEILA C. JOHNSON DESIGN CENTER
Classroom	L	803	Mac	0	1	Mac Standard Software	"DVD, VHS (A1 type)"		IT Service Desk 212.229.5300 x4357		Todays Classroom Schedule			1	L			31	2 West 13th Street 	SHEILA C. JOHNSON DESIGN CENTER
Experimental Classroom	L	804	Mac	0	1	Mac Standard Software	"Blu-ray & DVD from PC, Document Camera, Stream & Capture device"		Media Services 212.229.5300 x2310		Todays Classroom Schedule			1	L			32	2 West 13th Street 	SHEILA C. JOHNSON DESIGN CENTER
Classroom	L	809	Mac	0	1	Mac Standard Software	"DVD, VHS (B1 type)"		IT Service Desk 212.229.5300 x4357		Todays Classroom Schedule			1	L			33	2 West 13th Street 	SHEILA C. JOHNSON DESIGN CENTER
Classroom	L	811	Mac	0	1	Mac Standard Software	"DVD, VHS (B1 type)"		IT Service Desk 212.229.5300 x4357		Todays Classroom Schedule			1	L			34	2 West 13th Street 	SHEILA C. JOHNSON DESIGN CENTER
Classroom	L	901	Mac	0	1	Mac Standard Software	"DVD, VHS (B1 type)"		IT Service Desk 212.229.5300 x4357		Todays Classroom Schedule			1	L			35	2 West 13th Street 	SHEILA C. JOHNSON DESIGN CENTER
Classroom	L	904	Mac	0	1	Mac Standard Software	"DVD, VHS (B1 type)"		IT Service Desk 212.229.5300 x4357		Todays Classroom Schedule			1	L			36	2 West 13th Street 	SHEILA C. JOHNSON DESIGN CENTER
Classroom	L	905	Mac	0	1	Mac Standard Software	"DVD, VHS (B1 type)"		IT Service Desk 212.229.5300 x4357		Todays Classroom Schedule			1	L			37	2 West 13th Street 	SHEILA C. JOHNSON DESIGN CENTER
Conference Room	L	mz100	SVGA Only	0	0		"42"" Plasma monitor"		Media Services 212.229.5300 x2310			1			L			38	2 West 13th Street 	SHEILA C. JOHNSON DESIGN CENTER
Classroom	M	100	Mac	0	1	Mac Standard Software	"DVD, VHS (B1 type)"		IT Service Desk 212.229.5300 x4357		Todays Classroom Schedule			1	M			1	68 Fifth Avenue 	SHEILA C. JOHNSON DESIGN CENTER
Event Space	M	101	Windows PC & Mac	1	1	Mac & Windows PC Standard Software			IT Service Desk 212.229.5300 x4357			1			M			2	68 Fifth Avenue 	SHEILA C. JOHNSON DESIGN CENTER
Classroom	N	3	Windows PC	31	0	Windows PC Standard Software	"Blu-ray, DVD, VHS, Aux HDMI & DVI connection, HD Projector (A1 type)"		IT Service Desk 212.229.5300 x4357		Todays Classroom Schedule				N			1	66 Fifth Avenue	SHEILA C. JOHNSON DESIGN CENTER
Classroom	N	5	Mac	21	0	Mac Standard Software	"Blu-ray, DVD, VHS, Aux HDMI & DVI connection, HD Projector (A1 type)"		IT Service Desk 212.229.5300 x4357		Todays Classroom Schedule				N			2	66 Fifth Avenue	SHEILA C. JOHNSON DESIGN CENTER
Classroom	N	400	Mac	0	1	Mac Standard Software + Avid	"DVD, VHS (B1 type)"		IT Service Desk 212.229.5300 x4357		Todays Classroom Schedule			1	N			3	66 Fifth Avenue	SHEILA C. JOHNSON DESIGN CENTER
Classroom	N	402	Mac	0	1	Mac Standard Software	"DVD, VHS (B1 type)"		IT Service Desk 212.229.5300 x4357		Todays Classroom Schedule			1	N			4	66 Fifth Avenue	SHEILA C. JOHNSON DESIGN CENTER
Classroom	N	404	Mac	0	1	Mac Standard Software + Avid	"DVD, VHS (B1 type)"		IT Service Desk 212.229.5300 x4357		Todays Classroom Schedule			1	N			5	66 Fifth Avenue	SHEILA C. JOHNSON DESIGN CENTER
Conference Room	N	600F	SVGA Only	0	0		SVGA Only (B4 type)		Media Services 212.229.5300 x2310			1			N			6	66 Fifth Avenue	SHEILA C. JOHNSON DESIGN CENTER
Classroom	N	603	Mac	0	1	Mac Standard Software	"Blu-ray, DVD, VHS, Aux HDMI & DVI connection, HD Projector (A4 type)"		IT Service Desk 212.229.5300 x4357		Todays Classroom Schedule			1	N			7	66 Fifth Avenue	SHEILA C. JOHNSON DESIGN CENTER
Classroom	N	716	Mac	0	1	Mac Standard Software	"DVD, VHS (B1 type)"		IT Service Desk 212.229.5300 x4357		Todays Classroom Schedule			1	N			8	66 Fifth Avenue	SHEILA C. JOHNSON DESIGN CENTER
Classroom	N	720	Mac	0	1	Mac Standard Software	"DVD, VHS (B1 type)"		IT Service Desk 212.229.5300 x4357		Todays Classroom Schedule			1	N			9	66 Fifth Avenue	SHEILA C. JOHNSON DESIGN CENTER
Classroom	N	818	Mac	0	1	Mac Standard Software	"DVD, VHS (A1 type)"		IT Service Desk 212.229.5300 x4357		Todays Classroom Schedule			1	N			10	66 Fifth Avenue	SHEILA C. JOHNSON DESIGN CENTER
Classroom	N	822	Mac	0	1	Mac Standard Software	"DVD, VHS (B1 type)"		IT Service Desk 212.229.5300 x4357		Todays Classroom Schedule			1	N			11	66 Fifth Avenue	SHEILA C. JOHNSON DESIGN CENTER
Event Space	N	N101	Mac	0	1	Mac & Windows PC Standard Software	"BluRay,  VHS,  22in Touchscreen monitor"		Media Services 212.229.5300 x2310			1			N			12	66 Fifth Avenue	SHEILA C. JOHNSON DESIGN CENTER
Classroom	U	L107	Windows PC	45	0	Windows PC Standard Software	"12in Touchscreen, MACR, Lecture Recording, (4) Large LCD Screen (U6 Type)"	x	IT Service Desk 212.229.5300 x4357	"2 Large Format Scanners,  2 Flat Bed Scanner"	Todays Classroom Schedule				U			1	63 Fifth Avenue 	UNIVERSITY CENTER
Classroom	U	L106	Mac	0	19	Mac Standard Software	"12in Touchscreen, MACR, Lecture Recording, (1) Projector, (3) Large LCD Screen (U6 Type)"	x	IT Service Desk 212.229.5300 x4357	"1 Large Format Scanners,  2 Flat Bed Scanner"	Todays Classroom Schedule				U			2	63 Fifth Avenue 	UNIVERSITY CENTER
Classroom	U	L100	Windows PC	32	0	Windows PC Standard Software	"12in Touchscreen, MACR, Lecture Recording, (4) Large LCD Screen (U6 Type)"	x	IT Service Desk 212.229.5300 x4357	"1 Large Format Scanners,  2 Flat Bed Scanner"	Todays Classroom Schedule				U			3	63 Fifth Avenue 	UNIVERSITY CENTER
Classroom	U	L101	Mac	0	19	Mac Standard Software	"12in Touchscreen, MACR, Lecture Recording, (1) Projector, (5) Large LCD Screen (U6 Type)"	x	IT Service Desk 212.229.5300 x4357	"1 Large Format Scanners,  2 Flat Bed Scanner"	Todays Classroom Schedule				U			4	63 Fifth Avenue 	UNIVERSITY CENTER
Auditorium	U	100	Windows PC & Mac	1	1	Mac & Windows PC Standard Software	"24"" Touchscreen, MACR, Lecture Recording, 3 Projectors with single blend image capability (U5 Type) "	x1884	 Media Services 212.229.5300 x2310			1		1	U			5	63 Fifth Avenue 	UNIVERSITY CENTER
Conference Room	U	106	Mac	0	1		"65"" LCD"	x2588	 Media Services 212.229.5300 x2310			1		1	U			6	63 Fifth Avenue 	UNIVERSITY CENTER
Auditorium Green Room	U	107	Mac	0	1	Mac & Windows PC Standard Software	"65"" LCD"	x1834	 Media Services 212.229.5300 x2310			1		1	U			7	63 Fifth Avenue 	UNIVERSITY CENTER
Auditorium Speaker Room	U	108	Mac	0	1	Mac & Windows PC Standard Software	"65"" LCD"	x2589	 Media Services 212.229.5300 x2310	Local Deskop Printer		1		1	U			8	63 Fifth Avenue 	UNIVERSITY CENTER
Large Design Studio	U	200	Mac	0	1	Mac & Windows PC Standard Software	"24in Touchscreen, MACR, Lecture Recording, Projector (U2 Type)"	x1712	IT Service Desk 212.229.5300 x4357		Todays Classroom Schedule			1	U			9	63 Fifth Avenue 	UNIVERSITY CENTER
Classroom Type 2-1	U	201	Windows PC & Mac	0	1	Mac & Windows PC Standard Software	"24"" Touchscreen, MACR, Lecture Recording, 80"" LCD, Projector (U3 Type)"	x1713	IT Service Desk 212.229.5300 x4357 Media Services 212.229.5300 x2310			1		1	U			10	63 Fifth Avenue 	UNIVERSITY CENTER
Classroom Type 2-1	U	202	Windows PC & Mac	0	1	Mac & Windows PC Standard Software	"24"" Touchscreen, MACR, Lecture Recording, 80"" LCD, Projector (U3 Type)"	x1714	IT Service Desk 212.229.5300 x4357 Media Services 212.229.5300 x2310		Todays Classroom Schedule	1		1	U			11	63 Fifth Avenue 	UNIVERSITY CENTER
Large Design Studio	U	204	Mac	0	1	Mac & Windows PC Standard Software	"24in Touchscreen, MACR, Lecture Recording, 65in Touch LCD (U2 Type)"	x1715	IT Service Desk 212.229.5300 x4357		Todays Classroom Schedule			1	U			12	63 Fifth Avenue 	UNIVERSITY CENTER
Drawing Studio	U	205	Mac	0	1	Mac & Windows PC Standard Software	"24in Touchscreen, MACR, Lecture Recording, 65in Touch LCD (U2 Type)"	x1716	IT Service Desk 212.229.5300 x4357		Todays Classroom Schedule			1	U			13	63 Fifth Avenue 	UNIVERSITY CENTER
Cafeteria Seating	U	206	Mac	0	1	CEA Content	LCD	x1717	Media Services 212.229.5300 x2310		Today's Classroom Schedule	1		1	U			14	63 Fifth Avenue 	UNIVERSITY CENTER
Large Design Studio	U	300	Mac	0	1	Mac & Windows PC Standard Software	"24in Touchscreen, MACR, Lecture Recording, Projector (U2 Type)"	x1726	IT Service Desk 212.229.5300 x4357		Todays Classroom Schedule			1	U			15	63 Fifth Avenue 	UNIVERSITY CENTER
Drawing Studio	U	303	Mac	0	1	Mac & Windows PC Standard Software	"24in Touchscreen, MACR, Lecture Recording, 65in Touch LCD (U2 Type)"	x1729	IT Service Desk 212.229.5300 x4357		Todays Classroom Schedule			1	U			16	63 Fifth Avenue 	UNIVERSITY CENTER
Distance Learning Classroom	U	304	Windows PC & Mac	1	1	Mac & Windows PC Standard Software	"24"" Touchscreen, 3 LCD (U1 Type)"	x1730	IT Service Desk 212.229.5300 x4357 Media Services 212.229.5300 x2310	"Lighting Control from Touch panel, Teleconference capability, Lecture Recording"	Todays Classroom Schedule	1		1	U			17	63 Fifth Avenue 	UNIVERSITY CENTER
Drawing Studio	U	305	Mac	0	1	Mac & Windows PC Standard Software	"24in Touchscreen, MACR, Lecture Recording, 65in Touch LCD (U2 Type)"	x1731	IT Service Desk 212.229.5300 x4357		Todays Classroom Schedule			1	U			18	63 Fifth Avenue 	UNIVERSITY CENTER
Drawing Studio	U	306	Mac	0	1	Mac & Windows PC Standard Software	"24in Touchscreen, MACR, Lecture Recording, 65in Touch LCD (U2 Type)"	x1732	IT Service Desk 212.229.5300 x4357		Todays Classroom Schedule			1	U			19	63 Fifth Avenue 	UNIVERSITY CENTER
Faculty Resource	U	308	Mac	0	7	Mac & Windows PC Standard Software	N/A	x1733	IT Service Desk 212.229.5300 x4357					1	U			20	63 Fifth Avenue 	UNIVERSITY CENTER
Drawing Studio	U	310	Mac	0	1	Mac & Windows PC Standard Software	"24in Touchscreen, MACR, Lecture Recording, 65in Touch LCD (U2 Type)"	x1734	IT Service Desk 212.229.5300 x4357		Todays Classroom Schedule			1	U			21	63 Fifth Avenue 	UNIVERSITY CENTER
Drawing Studio	U	311	Mac	0	1	Mac & Windows PC Standard Software	"24in Touchscreen, MACR, Lecture Recording, 65in Touch LCD (U2 Type)"	x1735	IT Service Desk 212.229.5300 x4357		Todays Classroom Schedule			1	U			22	63 Fifth Avenue 	UNIVERSITY CENTER
Large Design Studio	U	312	Mac	0	1	Mac & Windows PC Standard Software	"24in Touchscreen, MACR, Lecture Recording, 65in Touch LCD (U2 Type)"	x1736	IT Service Desk 212.229.5300 x4357		Todays Classroom Schedule			1	U			23	63 Fifth Avenue 	UNIVERSITY CENTER
Construction Studio	U	400	Mac	0	1	Mac & Windows PC Standard Software	"24in Touchscreen, MACR, Lecture Recording, Projector (U2 Type)"	x1747	IT Service Desk 212.229.5300 x4357		Todays Classroom Schedule			1	U			24	63 Fifth Avenue 	UNIVERSITY CENTER
Construction Studio	U	402	Mac	0	1	Mac & Windows PC Standard Software	"24in Touchscreen, MACR, Lecture Recording, Projector (U2 Type)"	x1748	IT Service Desk 212.229.5300 x4357		Todays Classroom Schedule			1	U			25	63 Fifth Avenue 	UNIVERSITY CENTER
Drawing Studio	U	403	Mac	0	1	Mac & Windows PC Standard Software	"24in Touchscreen, MACR, Lecture Recording, Projector (U2 Type)"	x1749	IT Service Desk 212.229.5300 x4357		Todays Classroom Schedule			1	U			26	63 Fifth Avenue 	UNIVERSITY CENTER
Drawing Studio	U	404	Mac	0	1	Mac & Windows PC Standard Software	"24in Touchscreen, MACR, Lecture Recording, Projector (U2 Type)"	x1750	IT Service Desk 212.229.5300 x4357		Todays Classroom Schedule			1	U			27	63 Fifth Avenue 	UNIVERSITY CENTER
Construction Studio	U	405	Mac	0	1	Mac & Windows PC Standard Software	"24in Touchscreen, MACR, Lecture Recording, Projector (U2 Type)"	x1751	IT Service Desk 212.229.5300 x4357		Todays Classroom Schedule			1	U			28	63 Fifth Avenue 	UNIVERSITY CENTER
Construction Studio	U	406	Mac	0	1	Mac & Windows PC Standard Software	"24in Touchscreen, MACR, Lecture Recording, Projector (U2 Type)"	x1752	IT Service Desk 212.229.5300 x4357		Todays Classroom Schedule			1	U			29	63 Fifth Avenue 	UNIVERSITY CENTER
Student Resource Meeting Room	U	407		0	0			x1753	Media Services 212.229.5300 x2310						U			30	63 Fifth Avenue 	UNIVERSITY CENTER
Urban Ecologies	U	411	Mac	0	1	Mac & Windows PC Standard Software	"24in Touchscreen, MACR, Lecture Recording, Projector (U2 Type)"	x1757	IT Service Desk 212.229.5300 x4357		Todays Classroom Schedule			1	U			31	63 Fifth Avenue 	UNIVERSITY CENTER
Construction Studio	U	412	Mac	0	1	Mac & Windows PC Standard Software	"24in Touchscreen, MACR, Lecture Recording, Projector (U2 Type)"	x1758	IT Service Desk 212.229.5300 x4357		Todays Classroom Schedule			1	U			32	63 Fifth Avenue 	UNIVERSITY CENTER
Urban Ecologies	U	417	Mac	0	1	Mac & Windows PC Standard Software	"24in Touchscreen, MACR, Lecture Recording, Projector (U2 Type)"	x1763	IT Service Desk 212.229.5300 x4357		Todays Classroom Schedule			1	U			33	63 Fifth Avenue 	UNIVERSITY CENTER
Construction Studio	U	418	Mac	0	1	Mac & Windows PC Standard Software	"24in Touchscreen, MACR, Lecture Recording, Projector (U2 Type)"	x1764	IT Service Desk 212.229.5300 x4357		Todays Classroom Schedule			1	U			34	63 Fifth Avenue 	UNIVERSITY CENTER
Student Resource	U	426	Mac	0	4	Mac Express Software	N/A	x1772	IT Service Desk 212.229.5300 x4357		Todays Classroom Schedule			1	U			35	63 Fifth Avenue 	UNIVERSITY CENTER
Student Resource	U	427	Mac	0	1	Mac Standard Software	LCD	x1773	Media Services 212.229.5300 x2310		Todays Classroom Schedule	1		1	U			36	63 Fifth Avenue 	UNIVERSITY CENTER
Construction Studio	U	428	Mac	0	1	Mac & Windows PC Standard Software	"24in Touchscreen, MACR, Lecture Recording, Projector (U2 Type)"	x1774	IT Service Desk 212.229.5300 x4357		Todays Classroom Schedule			1	U			37	63 Fifth Avenue 	UNIVERSITY CENTER
Construction Studio	U	429	Mac	0	1	Mac & Windows PC Standard Software	"24in Touchscreen, MACR, Lecture Recording, Projector (U2 Type)"	x1887	IT Service Desk 212.229.5300 x4357		Todays Classroom Schedule			1	U			38	63 Fifth Avenue 	UNIVERSITY CENTER
Construction Studio	U	430	Mac	0	1	Mac & Windows PC Standard Software	"24in Touchscreen, MACR, Lecture Recording, Projector (U2 Type)"	x1888	IT Service Desk 212.229.5300 x4357		Todays Classroom Schedule			1	U			39	63 Fifth Avenue 	UNIVERSITY CENTER
Construction Studio	U	431	Mac	0	1	Mac & Windows PC Standard Software	"24in Touchscreen, MACR, Lecture Recording, Projector (U2 Type)"	x1889	IT Service Desk 212.229.5300 x4357		Todays Classroom Schedule			1	U			40	63 Fifth Avenue 	UNIVERSITY CENTER
Print Center	U	432	Windows PC & Mac	2	2	Mac & Windows PC Standard Software	2 LCDs for print queue monitoring 	x1890 and x1819	IT Service Desk 212.229.5300 x4357	"1 Large Scanner 1 IDF Scanner 1 Small Scanner 2 Color Printers 2 B&W Printers 2 Large Format Printers Z6200, 42"" and 60"""	Todays Classroom Schedule		1	1	U			41	63 Fifth Avenue 	UNIVERSITY CENTER
Construction Studio	U	500		0	0			x1896	IT Service Desk 212.229.5300 x4357						U			42	63 Fifth Avenue 	UNIVERSITY CENTER
Drawing Studio	U	502	Mac	0	1	Mac & Windows PC Standard Software	"24in Touchscreen, MACR, Lecture Recording, Projector (U2 Type)"	x1898	IT Service Desk 212.229.5300 x4357		Todays Classroom Schedule			1	U			43	63 Fifth Avenue 	UNIVERSITY CENTER
Drawing Studio	U	503	Mac	0	1	Mac & Windows PC Standard Software	"24in Touchscreen, MACR, Lecture Recording, Projector (U2 Type)"	x1899	IT Service Desk 212.229.5300 x4357		Todays Classroom Schedule			1	U			44	63 Fifth Avenue 	UNIVERSITY CENTER
Construction Studio	U	504	Mac	0	1	Mac & Windows PC Standard Software	"24in Touchscreen, MACR, Lecture Recording, Projector (U2 Type)"	x1700	IT Service Desk 212.229.5300 x4357		Todays Classroom Schedule			1	U			45	63 Fifth Avenue 	UNIVERSITY CENTER
Student Lounge	U	505		0				x1701	Media Services 212.229.5300 x2310						U			46	63 Fifth Avenue 	UNIVERSITY CENTER
Construction Studio	U	506	Mac	0	1	Mac & Windows PC Standard Software	"24in Touchscreen, MACR, Lecture Recording, Projector (U2 Type)"	x1702	IT Service Desk 212.229.5300 x4357		Todays Classroom Schedule			1	U			47	63 Fifth Avenue 	UNIVERSITY CENTER
Drawing Studio	U	508	Mac	0	1	Mac & Windows PC Standard Software	"24in Touchscreen, MACR, Lecture Recording, Projector (U2 Type)"	x1703	IT Service Desk 212.229.5300 x4357		Todays Classroom Schedule			1	U			48	63 Fifth Avenue 	UNIVERSITY CENTER
Construction Studio	U	509	Mac	0	1	Mac & Windows PC Standard Software	"24in Touchscreen, MACR, Lecture Recording, Projector (U2 Type)"	x1704	IT Service Desk 212.229.5300 x4357		Todays Classroom Schedule			1	U			49	63 Fifth Avenue 	UNIVERSITY CENTER
Construction Studio	U	510	Mac	0	1	Mac & Windows PC Standard Software	"24in Touchscreen, MACR, Lecture Recording, Projector (U2 Type)"	x1705	IT Service Desk 212.229.5300 x4357		Todays Classroom Schedule			1	U			50	63 Fifth Avenue 	UNIVERSITY CENTER
Construction Studio	U	511	Mac	0	1	Mac & Windows PC Standard Software	"24in Touchscreen, MACR, Lecture Recording, Projector (U2 Type)"	x1706	IT Service Desk 212.229.5300 x4357		Todays Classroom Schedule			1	U			51	63 Fifth Avenue 	UNIVERSITY CENTER
University Resource Meeting Space	U	513	Mac	0	1	Mac Standard Software	"65"" LCD "	x1708	IT Service Desk 212.229.5300 x4357						U			52	63 Fifth Avenue 	UNIVERSITY CENTER
University Resource Meeting Space	U	514	Mac	0	1	Mac Standard Software	"65"" LCD "	x1709	IT Service Desk 212.229.5300 x4357						U			53	63 Fifth Avenue 	UNIVERSITY CENTER
Construction Studio	U	515	Mac	0	1	Mac & Windows PC Standard Software	"24in Touchscreen, MACR, Lecture Recording, Projector (U2 Type)"	x1710	IT Service Desk 212.229.5300 x4357		Todays Classroom Schedule			1	U			54	63 Fifth Avenue 	UNIVERSITY CENTER
Construction Studio	U	516	Mac	0	1	Mac & Windows PC Standard Software	"24in Touchscreen, MACR, Lecture Recording, Projector (U2 Type)"	x1711	IT Service Desk 212.229.5300 x4357		Todays Classroom Schedule			1	U			55	63 Fifth Avenue 	UNIVERSITY CENTER
Drawing Studio	U	517	Mac	0	1	Mac & Windows PC Standard Software	"24in Touchscreen, MACR, Lecture Recording, Projector (U2 Type)"	x2526	IT Service Desk 212.229.5300 x4357		Todays Classroom Schedule			1	U			56	63 Fifth Avenue 	UNIVERSITY CENTER
Construction Studio	U	518	Mac	0	1	Mac & Windows PC Standard Software	"24in Touchscreen, MACR, Lecture Recording, Projector (U2 Type)"	x2527	IT Service Desk 212.229.5300 x4357		Todays Classroom Schedule			1	U			57	63 Fifth Avenue 	UNIVERSITY CENTER
Drawing Studio	U	519	Mac	0	1	Mac & Windows PC Standard Software	"24in Touchscreen, MACR, Lecture Recording, Projector (U2 Type)"	x2528	IT Service Desk 212.229.5300 x4357		Todays Classroom Schedule			1	U			58	63 Fifth Avenue 	UNIVERSITY CENTER
Coming Soon	U	520	Mac	0	1	Mac & Windows PC Standard Software	"65"" LCD "	x2529	IT Service Desk 212.229.5300 x4357		Todays Classroom Schedule			1	U			59	63 Fifth Avenue 	UNIVERSITY CENTER
Classroom (Drawing Studio)	U	600	Mac	0	1	Mac & Windows PC Standard Software	"24in Touchscreen, MACR, Lecture Recording, Projector (U2 Type)"	x2533	IT Service Desk 212.229.5300 x4357		Todays Classroom Schedule			1	U			60	63 Fifth Avenue 	UNIVERSITY CENTER
Classroom (Large Design Studio)	U	601	Mac	0	1	Mac & Windows PC Standard Software	"24in Touchscreen, MACR, Lecture Recording, Projector (U2 Type)"	x2534	IT Service Desk 212.229.5300 x4357		Todays Classroom Schedule			1	U			61	63 Fifth Avenue 	UNIVERSITY CENTER
Classroom Type 2-4 (Drawing Studio)	U	602	Mac	0	1	Mac & Windows PC Standard Software	"24in Touchscreen, MACR, Lecture Recording, Projector (U2 Type)"	x2535	IT Service Desk 212.229.5300 x4357		Todays Classroom Schedule			1	U			62	63 Fifth Avenue 	UNIVERSITY CENTER
Large Design Studio	U	617	Mac	0	1	Mac & Windows PC Standard Software	"24in Touchscreen, MACR, Lecture Recording, Projector (U2 Type)"	x2542	IT Service Desk 212.229.5300 x4357		Todays Classroom Schedule			1	U			63	63 Fifth Avenue 	UNIVERSITY CENTER
Science Lab	U	618	Mac	0	1	Mac & Windows PC Standard Software	"24in Touchscreen, MACR, Lecture Recording, Projector (U2 Type)"	x2543	IT Service Desk 212.229.5300 x4357		Todays Classroom Schedule			1	U			64	63 Fifth Avenue 	UNIVERSITY CENTER
Drawing Studio	U	619	Mac	0	1	Mac & Windows PC Standard Software	"24in Touchscreen, MACR, Lecture Recording, Projector (U2 Type)"	x2544	IT Service Desk 212.229.5300 x4357		Todays Classroom Schedule			1	U			65	63 Fifth Avenue 	UNIVERSITY CENTER
Large Design Studio	U	620	Mac	0	1	Mac & Windows PC Standard Software	"24in Touchscreen, MACR, Lecture Recording, Projector (U2 Type)"	x2545	IT Service Desk 212.229.5300 x4357		Todays Classroom Schedule			1	U			66	63 Fifth Avenue 	UNIVERSITY CENTER
CLASSROOM TYPE 2-3	U	622	Mac	0	1	Mac & Windows PC Standard Software	"24in Touchscreen, MACR, Lecture Recording, Projector (U2 Type)"	x2547	IT Service Desk 212.229.5300 x4357		Todays Classroom Schedule			1	U			67	63 Fifth Avenue 	UNIVERSITY CENTER
Library Caf?	U	700	Mac	0	1	CEA Content	LCD	x2562	Media Services 212.229.5300 x2310			1			U			68	63 Fifth Avenue 	UNIVERSITY CENTER
Faculty Resource Conference Room 4	U	308A	Mac	0	1	Mac Standard Software	LCD	x1737	Media Services 212.229.5300 x2310	Skype Ready		1			U			69	63 Fifth Avenue 	UNIVERSITY CENTER
Faculty Resource Conference Room 3	U	308B	Mac	0	1	Mac Standard Software	LCD	x1738	Media Services 212.229.5300 x2310			1			U			70	63 Fifth Avenue 	UNIVERSITY CENTER
Faculty Resource Conference Room 2 	U	308C	Mac	0	1	Mac Standard Software	LCD	x1739	Media Services 212.229.5300 x2310			1			U			71	63 Fifth Avenue 	UNIVERSITY CENTER
Faculty Resource Conference Room 1	U	308D	Mac	0	1	Mac Standard Software	LCD	x1740	Media Services 212.229.5300 x2310			1			U			72	63 Fifth Avenue 	UNIVERSITY CENTER
Master AV Control Room	U	M603		0			"Cable TV,  BluRay,  MacMini, HDV/DVCam"	x1799 and x2555	IT Service Desk 212.229.5300 x4357						U			73	63 Fifth Avenue 	UNIVERSITY CENTER
Conference Room	W	901	Mac	0	1	Mac Express Software	"LCD, SVGA, HDMI (B4 type)"		Media Services 212.229.5300 x2310			1			W			1	71 Fifth Avenue	71 FIFTH AVENUE
Conference Room	W	916	SVGA Only	0			"LCD, SVGA Only"		Media Services 212.229.5300 x2310			1		1	W			2	71 Fifth Avenue	71 FIFTH AVENUE
