roomType,bldgCode,roomNum,OS,pcQty,macQty,softwarePackage,avDevices,ext,supportContact,specialHardware,address,bldgName,note
Classroom,A,001,Mac & Windows PC,0,1,Mac Standard Software,Blu-ray; DVD; VHS; HD Projector ,None,IT Service Desk 212.229.5300 x4357,,bldgAddress,bldgName,
Classroom,A,002,Mac & Windows PC,0,1,Mac Standard Software,DVD; VHS ,None,IT Service Desk 212.229.5300 x4357,,66 West 12th Street,ALVIN JOHNSON/J.M. KAPLAN HALL,
Event Space,A,001,Connect Your Laptop,0,0,None,DVD; VHS ,None,Media Services 212.229.5300 x2310,,66 West 12th Street,ALVIN JOHNSON/J.M. KAPLAN HALL,SVGA Only
Classroom,A,306,Connect Your Laptop,0,0,None,DVD; VHS ,None,Media Services 212.229.5300 x2310,,66 West 12th Street,ALVIN JOHNSON/J.M. KAPLAN HALL,SVGA Only
Classroom,A,403,Connect Your Laptop,0,0,None,DVD; VHS ,None,Media Services 212.229.5300 x2310,,66 West 12th Street,ALVIN JOHNSON/J.M. KAPLAN HALL,SVGA Only
Classroom,A,404,Mac,0,1,Mac Standard Software,DVD; VHS ,None,IT Service Desk 212.229.5300 x4357,,66 West 12th Street,ALVIN JOHNSON/J.M. KAPLAN HALL,
Classroom,A,405,Connect Your Laptop,0,0,None,DVD; VHS ,None,Media Services 212.229.5300 x2310,,66 West 12th Street,ALVIN JOHNSON/J.M. KAPLAN HALL,SVGA Only
Classroom,A,406,Mac,0,1,Mac Standard Software,DVD; VHS ,None,Media Services 212.229.5300 x2310 *(Video conferencing requires advanced coordination with the Lang Dean's Office),,66 West 12th Street,ALVIN JOHNSON/J.M. KAPLAN HALL,
Classroom,A,407,Mac,0,1,Mac Standard Software,DVD; VHS ,None,Media Services 212.229.5300 x2310,,66 West 12th Street,ALVIN JOHNSON/J.M. KAPLAN HALL,
Classroom,A,410,Mac,0,1,Mac Standard Software,DVD; VHS ,None,IT Service Desk 212.229.5300 x4357,,66 West 12th Street,ALVIN JOHNSON/J.M. KAPLAN HALL,
Classroom,A,501,Mac,0,1,Mac Standard Software,DVD; VHS ,None,IT Service Desk 212.229.5300 x4357,,66 West 12th Street,ALVIN JOHNSON/J.M. KAPLAN HALL,
Classroom,A,502,Mac,0,1,Mac Standard Software,DVD; VHS ,None,IT Service Desk 212.229.5300 x4357,,66 West 12th Street,ALVIN JOHNSON/J.M. KAPLAN HALL,
Classroom,A,509,Mac,0,1,Mac Standard Software,DVD; VHS ,None,IT Service Desk 212.229.5300 x4357,,66 West 12th Street,ALVIN JOHNSON/J.M. KAPLAN HALL,
Event Space,A,510,Connect Your Laptop,0,0,None,DVD; VHS ,None,Media Services 212.229.5300 x2310,,66 West 12th Street,ALVIN JOHNSON/J.M. KAPLAN HALL,SVGA Only
Classroom,A,513,Mac,0,1,Mac Standard Software,DVD; VHS ,None,IT Service Desk 212.229.5300 x4357,,66 West 12th Street,ALVIN JOHNSON/J.M. KAPLAN HALL,
Classroom,A,517,Mac,0,1,Mac Standard Software,DVD; VHS ,None,IT Service Desk 212.229.5300 x4357,,66 West 12th Street,ALVIN JOHNSON/J.M. KAPLAN HALL,
Classroom,A,518,Mac,0,1,Mac Standard Software,DVD; VHS ,None,IT Service Desk 212.229.5300 x4357,,66 West 12th Street,ALVIN JOHNSON/J.M. KAPLAN HALL,
Classroom,A,601,Mac,0,1,Mac Standard Software,DVD; VHS ,None,IT Service Desk 212.229.5300 x4357,,66 West 12th Street,ALVIN JOHNSON/J.M. KAPLAN HALL,
Classroom,A,602,Mac,0,1,Mac Standard Software,DVD; VHS ,None,IT Service Desk 212.229.5300 x4357,,66 West 12th Street,ALVIN JOHNSON/J.M. KAPLAN HALL,
Classroom,A,615,Mac,0,1,Mac Standard Software,DVD; VHS ,None,IT Service Desk 212.229.5300 x4357,,66 West 12th Street,ALVIN JOHNSON/J.M. KAPLAN HALL,
Classroom,A,617,Mac,0,1,Mac Standard Software,DVD; VHS ,None,IT Service Desk 212.229.5300 x4357,,66 West 12th Street,ALVIN JOHNSON/J.M. KAPLAN HALL,
Classroom,A,618,Mac,0,1,Mac Standard Software,DVD; VHS ,None,IT Service Desk 212.229.5300 x4357,,66 West 12th Street,ALVIN JOHNSON/J.M. KAPLAN HALL,
Classroom,A,701,Mac,0,1,Mac Standard Software,DVD; VHS ,None,IT Service Desk 212.229.5300 x4357,,66 West 12th Street,ALVIN JOHNSON/J.M. KAPLAN HALL,
Classroom,A,702,Mac,0,1,Mac Standard Software,DVD; VHS ,None,IT Service Desk 212.229.5300 x4357,,66 West 12th Street,ALVIN JOHNSON/J.M. KAPLAN HALL,
Event Space,A,712,Connect Your Laptop,0,0,None,DVD; VHS ,None,IT Service Desk 212.229.5300 x4357,,66 West 12th Street,ALVIN JOHNSON/J.M. KAPLAN HALL,SVGA Only
Experimental Classroom,A,713,Mac,0,1,Mac Standard Software,DVD; VHS ,None,Media Services 212.229.5300 x2310,,66 West 12th Street,ALVIN JOHNSON/J.M. KAPLAN HALL,
Classroom,A,715,Mac,0,1,Mac Standard Software,DVD; VHS ,None,IT Service Desk 212.229.5300 x4357,,66 West 12th Street,ALVIN JOHNSON/J.M. KAPLAN HALL,
Classroom,A,716,Mac,0,1,Mac Standard Software,DVD; VHS ,None,IT Service Desk 212.229.5300 x4357,,66 West 12th Street,ALVIN JOHNSON/J.M. KAPLAN HALL,
Conference Room,A,801,Mac & Windows PC,0,1,Mac & Windows PC Standard Software,DVD; VHS ,None,Media Services 212.229.5300 x2310,,66 West 12th Street,ALVIN JOHNSON/J.M. KAPLAN HALL,
Classroom,B,50,Mac,0,1,Mac Standard Software,DVD; VHS ,None,Media Services 212.229.5300 x2310 *(Video conferencing requires advanced coordination with the Lang Dean's Office via email to spiegelJ@newschool.edu),,66 West 12th Street,ALVIN JOHNSON/J.M. KAPLAN HALL,
Express Stations,B,73,Mac,0,13,Mac Express Software,DVD; VHS ,None,IT Service Desk 212.229.5300 x4357,,65 West 11th Street,LANG,
Classroom,B,102,Mac,0,1,Mac Standard Software,DVD; VHS ,None,IT Service Desk 212.229.5300 x4357,,65 West 11th Street,LANG,
Classroom,B,258,Mac,0,1,Mac Standard Software,DVD; VHS ,None,IT Service Desk 212.229.5300 x4357,,65 West 11th Street,LANG,
Classroom,B,259,Mac,0,1,Mac Standard Software,DVD; VHS ,None,IT Service Desk 212.229.5300 x4357,,65 West 11th Street,LANG,
Classroom,B,260,Mac,0,1,Mac Standard Software,DVD; VHS ,None,IT Service Desk 212.229.5300 x4357,,65 West 11th Street,LANG,
Classroom,B,261,Mac,0,1,Mac Standard Software,DVD; VHS ,None,IT Service Desk 212.229.5300 x4357,,65 West 11th Street,LANG,
Classroom,B,262,Mac,0,1,Mac Standard Software,DVD; VHS ,None,IT Service Desk 212.229.5300 x4357,,65 West 11th Street,LANG,
Classroom,B,263,Mac,0,1,Mac Standard Software,Blu-ray; DVD; VHS; HD Projector ,None,IT Service Desk 212.229.5300 x4357,,65 West 11th Street,LANG,
Conference Room,B,354C,Mac,0,1,Mac Standard Software,DVD; VHS ,None,Media Services 212.229.5300 x2310 *(Video conferencing requires advanced coordination with the Lang Dean's Office via email to spiegelJ@newschool.edu),,65 West 11th Street,LANG,
Classroom Lang Science Lab,B,459,Mac,0,1,Mac Standard Software,DVD; VHS ,None,IT Service Desk 212.229.5300 x4357,,65 West 11th Street,LANG,
Classroom,B,464,Mac,0,1,Mac Standard Software,DVD; VHS ,None,Media Services 212.229.5300 x2310 *(Video conferencing requires advanced coordination with the Lang Dean's Office via email to spiegelJ@newschool.edu),,65 West 11th Street,LANG,
Classroom,B,465,Mac,0,1,Mac Standard Software,Blu-ray; DVD; VHS; HD Projector ,None,IT Service Desk 212.229.5300 x4357,,65 West 11th Street,LANG,
Event Space,B,500,None,0,0,None,DVD; VHS ,None,Media Services 212.229.5300 x2310,,65 West 11th Street,LANG,
Express Stations,D,1000,Mac,0,6,Mac Express Software,DVD; VHS ,None,IT Service Desk 212.229.5300 x4357,,65 West 11th Street,LANG,
Classroom,D,1001,Mac,0,1,Mac Standard Software,DVD; VHS ,None,IT Service Desk 212.229.5300 x4357,,6 East 16th Street,ALBERT AND VERA LIST ACADEMIC CENTER,
Classroom,D,1002,Mac,0,1,Mac Standard Software,DVD; VHS ,None,IT Service Desk 212.229.5300 x4357,,6 East 16th Street,ALBERT AND VERA LIST ACADEMIC CENTER,
Classroom,D,1003,Mac,0,1,Mac Standard Software,DVD; VHS ,None,IT Service Desk 212.229.5300 x4357,,6 East 16th Street,ALBERT AND VERA LIST ACADEMIC CENTER,
Classroom,D,1004,Mac,0,1,Mac Standard Software,DVD; VHS ,None,IT Service Desk 212.229.5300 x4357,,6 East 16th Street,ALBERT AND VERA LIST ACADEMIC CENTER,
Classroom,D,1005,Connect Your Laptop,0,0,None,DVD; VHS ,None,IT Service Desk 212.229.5300 x4357,,6 East 16th Street,ALBERT AND VERA LIST ACADEMIC CENTER,SVGA Only
Classroom,D,1006,Mac,0,1,Mac Standard Software,DVD; VHS ,None,IT Service Desk 212.229.5300 x4357,,6 East 16th Street,ALBERT AND VERA LIST ACADEMIC CENTER,
Classroom,D,1008,Mac,0,1,Mac Standard Software,DVD; VHS ,None,IT Service Desk 212.229.5300 x4357,,6 East 16th Street,ALBERT AND VERA LIST ACADEMIC CENTER,
Classroom,D,1009,Mac,0,1,Mac Standard Software,DVD; VHS ,None,IT Service Desk 212.229.5300 x4357,,6 East 16th Street,ALBERT AND VERA LIST ACADEMIC CENTER,
Express Stations,D,1100,Mac,0,6,Mac Express Software,DVD; VHS ,None,IT Service Desk 212.229.5300 x4357,,6 East 16th Street,ALBERT AND VERA LIST ACADEMIC CENTER,
Classroom,D,1101,Mac,0,1,Mac Standard Software,DVD; VHS ,None,IT Service Desk 212.229.5300 x4357,,6 East 16th Street,ALBERT AND VERA LIST ACADEMIC CENTER,
Classroom,D,1102,Mac,0,1,Mac Standard Software,DVD; VHS ,None,IT Service Desk 212.229.5300 x4357,,6 East 16th Street,ALBERT AND VERA LIST ACADEMIC CENTER,
Event Space,D,1103,Mac,0,1,Mac Standard Software,DVD; VHS ,None,Media Services 212.229.5300 x2310,,6 East 16th Street,ALBERT AND VERA LIST ACADEMIC CENTER,
Classroom,D,1104,Mac,0,1,Mac Standard Software,DVD; VHS ,None,IT Service Desk 212.229.5300 x4357,,6 East 16th Street,ALBERT AND VERA LIST ACADEMIC CENTER,
Classroom,D,1106,Mac,0,1,Mac Standard Software,DVD; VHS ,None,IT Service Desk 212.229.5300 x4357,,6 East 16th Street,ALBERT AND VERA LIST ACADEMIC CENTER,
Classroom,D,1107,Mac,0,1,Mac Standard Software,DVD; VHS ,None,IT Service Desk 212.229.5300 x4357,,6 East 16th Street,ALBERT AND VERA LIST ACADEMIC CENTER,
Classroom,D,1108,Mac,0,1,Mac Standard Software,DVD; VHS ,None,IT Service Desk 212.229.5300 x4357,,6 East 16th Street,ALBERT AND VERA LIST ACADEMIC CENTER,
Classroom,D,1109,Mac,0,21,Mac Standard Software + Avid,DVD; VHS ,None,IT Service Desk 212.229.5300 x4357,,6 East 16th Street,ALBERT AND VERA LIST ACADEMIC CENTER,
Open Lab,D,1131,Windows PC,11,0,Windows PC Standard & Accessibility Software,DVD; VHS ,None,IT Service Desk 212.229.5300 x4357,,6 East 16th Street,ALBERT AND VERA LIST ACADEMIC CENTER,
Classroom,D,1132,Mac,0,1,Mac Standard Software,DVD; VHS ,None,IT Service Desk 212.229.5300 x4357,,6 East 16th Street,ALBERT AND VERA LIST ACADEMIC CENTER,
Express Stations,D,1212,Mac,0,4,Mac Express Software,DVD; VHS ,None,IT Service Desk 212.229.5300 x4357,,6 East 16th Street,ALBERT AND VERA LIST ACADEMIC CENTER,
Conference Room,D,1613,Mac,0,1,Mac Express Software,DVD; VHS ,None,Media Services 212.229.5300 x2310,,6 East 16th Street,ALBERT AND VERA LIST ACADEMIC CENTER,
Conference Room,D,1618,Mac,0,1,Mac Express Software,DVD; VHS ,None,Media Services 212.229.5300 x2310,,6 East 16th Street,ALBERT AND VERA LIST ACADEMIC CENTER,
Conference Room,D,1621,Connect Your Laptop,0,0,None,DVD; VHS ,None,Media Services 212.229.5300 x2310,,6 East 16th Street,ALBERT AND VERA LIST ACADEMIC CENTER,SVGA & HDMI Only
Conference Room,D,1645,Windows PC,1,0,Windows PC Express Software,DVD; VHS ,None,Media Services 212.229.5300 x2310,,6 East 16th Street,ALBERT AND VERA LIST ACADEMIC CENTER,
Classroom,D,1828,Connect Your Laptop,0,0,None,DVD; VHS ,None,Media Services 212.229.5300 x2310,,6 East 16th Street,ALBERT AND VERA LIST ACADEMIC CENTER,SVGA Only
Conference Room,D,501,Connect Your Laptop,0,0,None,DVD; VHS ,None,IT Service Desk 212.229.5300 x4357,,6 East 16th Street,ALBERT AND VERA LIST ACADEMIC CENTER,SVGA Only
Classroom,D,706,Windows PC,24,0,Windows PC Standard Software,DVD; VHS ,None,IT Service Desk 212.229.5300 x4357,,6 East 16th Street,ALBERT AND VERA LIST ACADEMIC CENTER,
Classroom,D,605,Mac,0,20,Mac Standard Software,DVD; VHS ,None,IT Service Desk 212.229.5300 x4357,,6 East 16th Street,ALBERT AND VERA LIST ACADEMIC CENTER,
Classroom,D,607,Mac,0,20,Mac Standard Software,DVD; VHS ,None,IT Service Desk 212.229.5300 x4357,,6 East 16th Street,ALBERT AND VERA LIST ACADEMIC CENTER,
Classroom,D,602,Mac,0,20,Mac Standard Software,DVD; VHS ,None,IT Service Desk 212.229.5300 x4357,,6 East 16th Street,ALBERT AND VERA LIST ACADEMIC CENTER,
Conference Room,D,604,Mac,0,1,Mac Standard Software,DVD; VHS ,None,IT Service Desk 212.229.5300 x4357,,6 East 16th Street,ALBERT AND VERA LIST ACADEMIC CENTER,
Conference Room,D,608,Mac,0,1,Mac Standard Software,DVD; VHS ,None,IT Service Desk 212.229.5300 x4357,,6 East 16th Street,ALBERT AND VERA LIST ACADEMIC CENTER,
Classroom,D,600,Mac,0,1,Mac & Windows PC Standard Software,DVD; VHS ,None,IT Service Desk 212.229.5300 x4357,,6 East 16th Street,ALBERT AND VERA LIST ACADEMIC CENTER,
Classroom,D,601,Mac,0,1,Mac & Windows PC Standard Software,DVD; VHS ,None,IT Service Desk 212.229.5300 x4357,,6 East 16th Street,ALBERT AND VERA LIST ACADEMIC CENTER,
Classroom,D,603,Mac,0,1,Mac & Windows PC Standard Software,Blu-ray; DVD; VHS; HD Projector ,None,IT Service Desk 212.229.5300 x4357,,6 East 16th Street,ALBERT AND VERA LIST ACADEMIC CENTER,
Classroom,D,609,Mac,0,1,Mac & Windows PC Standard Software,DVD; VHS ,None,IT Service Desk 212.229.5300 x4357,,6 East 16th Street,ALBERT AND VERA LIST ACADEMIC CENTER,
Classroom,D,610,Mac,0,1,Mac & Windows PC Standard Software,DVD; VHS ,None,IT Service Desk 212.229.5300 x4357,,6 East 16th Street,ALBERT AND VERA LIST ACADEMIC CENTER,
Classroom,D,611,Mac,0,1,Mac & Windows PC Standard Software,DVD; VHS ,None,IT Service Desk 212.229.5300 x4357,,6 East 16th Street,ALBERT AND VERA LIST ACADEMIC CENTER,
Classroom,D,701,Windows PC,20,0,Windows PC Standard Software,Blu-ray; DVD; VHS; HD Projector ,None,IT Service Desk 212.229.5300 x4357,,6 East 16th Street,ALBERT AND VERA LIST ACADEMIC CENTER,
Classroom,D,703,Mac,20,0,Mac Standard Software,DVD; VHS ,None,IT Service Desk 212.229.5300 x4357,,6 East 16th Street,ALBERT AND VERA LIST ACADEMIC CENTER,
Classroom,D,704,Mac,0,1,Mac Standard Software,DVD; VHS ,None,IT Service Desk 212.229.5300 x4357,,6 East 16th Street,ALBERT AND VERA LIST ACADEMIC CENTER,
Classroom,D,705,Mac,0,1,Mac Standard Software,DVD; VHS ,None,IT Service Desk 212.229.5300 x4357,,6 East 16th Street,ALBERT AND VERA LIST ACADEMIC CENTER,
Classroom,D,706,Windows PC,24,0,Windows PC Standard Software,DVD; VHS ,None,IT Service Desk 212.229.5300 x4357,,6 East 16th Street,ALBERT AND VERA LIST ACADEMIC CENTER,
Open Lab,D,707,Windows PC,3,0,Windows PC Standard Software,DVD; VHS ,None,IT Service Desk 212.229.5300 x4357,,6 East 16th Street,ALBERT AND VERA LIST ACADEMIC CENTER,
Classroom,D,708,Windows PC,24,0,Windows PC Standard Software,DVD; VHS ,None,IT Service Desk 212.229.5300 x4357,,6 East 16th Street,ALBERT AND VERA LIST ACADEMIC CENTER,
Conference Room,D,709,Connect Your Laptop,0,0,None,DVD; VHS ,None,Media Services 212.229.5300 x2310,,6 East 16th Street,ALBERT AND VERA LIST ACADEMIC CENTER,
Express Stations,D,710,Windows PC,2,0,Windows PC Express Software,DVD; VHS ,None,IT Service Desk 212.229.5300 x4357,,6 East 16th Street,ALBERT AND VERA LIST ACADEMIC CENTER,
Classroom,D,734,Mac,0,1,Mac Standard Software,DVD; VHS ,None,IT Service Desk 212.229.5300 x4357,,6 East 16th Street,ALBERT AND VERA LIST ACADEMIC CENTER,
Conference Room,D,805,Mac,0,1,Mac & Windows PC Standard Software,DVD; VHS ,None,IT Service Desk 212.229.5300 x4357,,6 East 16th Street,ALBERT AND VERA LIST ACADEMIC CENTER,
Conference Room,D,808,Mac,0,1,Mac & Windows PC Standard Software,DVD; VHS ,None,IT Service Desk 212.229.5300 x4357,,6 East 16th Street,ALBERT AND VERA LIST ACADEMIC CENTER,
Conference Room,D,809,Mac,0,1,Mac & Windows PC Standard Software,DVD; VHS ,None,IT Service Desk 212.229.5300 x4357,,6 East 16th Street,ALBERT AND VERA LIST ACADEMIC CENTER,
Conference Room,D,819,Mac,0,1,Mac & Windows PC Standard Software,DVD; VHS ,None,IT Service Desk 212.229.5300 x4357,,6 East 16th Street,ALBERT AND VERA LIST ACADEMIC CENTER,
Express Stations,D,900,Mac,6,0,Mac Express Software,DVD; VHS ,None,IT Service Desk 212.229.5300 x4357,,6 East 16th Street,ALBERT AND VERA LIST ACADEMIC CENTER,
Classroom,D,901,Mac,0,1,Mac Standard Software,DVD; VHS ,None,IT Service Desk 212.229.5300 x4357,,6 East 16th Street,ALBERT AND VERA LIST ACADEMIC CENTER,
Classroom,D,902,Mac,0,1,Mac Standard Software,DVD; VHS ,None,IT Service Desk 212.229.5300 x4357,,6 East 16th Street,ALBERT AND VERA LIST ACADEMIC CENTER,
Classroom,D,903,Mac,0,1,Mac Standard Software,DVD; VHS ,None,IT Service Desk 212.229.5300 x4357,,6 East 16th Street,ALBERT AND VERA LIST ACADEMIC CENTER,
Classroom,D,904,Mac,0,1,Mac Standard Software,DVD; VHS ,None,IT Service Desk 212.229.5300 x4357,,6 East 16th Street,ALBERT AND VERA LIST ACADEMIC CENTER,
Classroom,D,906,Mac,0,1,Mac Standard Software,DVD; VHS ,None,IT Service Desk 212.229.5300 x4357,,6 East 16th Street,ALBERT AND VERA LIST ACADEMIC CENTER,
Classroom,D,908,Mac,0,1,Mac Standard Software,DVD; VHS ,None,IT Service Desk 212.229.5300 x4357,,6 East 16th Street,ALBERT AND VERA LIST ACADEMIC CENTER,
Classroom,D,909,Mac,0,1,Mac Standard Software,DVD; VHS ,None,IT Service Desk 212.229.5300 x4357,,6 East 16th Street,ALBERT AND VERA LIST ACADEMIC CENTER,
Classroom,D,910,Mac,0,1,Mac Standard Software,DVD; VHS ,None,IT Service Desk 212.229.5300 x4357,,6 East 16th Street,ALBERT AND VERA LIST ACADEMIC CENTER,
Classroom,D,911,Mac,0,1,Mac Standard Software,DVD; VHS ,None,IT Service Desk 212.229.5300 x4357,,6 East 16th Street,ALBERT AND VERA LIST ACADEMIC CENTER,
Classroom,D,912,Mac,0,1,Mac Standard Software,DVD; VHS ,None,IT Service Desk 212.229.5300 x4357,,6 East 16th Street,ALBERT AND VERA LIST ACADEMIC CENTER,
Classroom,D,913,Mac,0,1,Mac Standard Software,DVD; VHS ,None,IT Service Desk 212.229.5300 x4357,,6 East 16th Street,ALBERT AND VERA LIST ACADEMIC CENTER,
Classroom,E,204,Mac,0,1,Mac Standard Software,DVD; VHS ,None,See Lab Staff,,6 East 16th Street,ALBERT AND VERA LIST ACADEMIC CENTER,
Classroom,E,206,Mac,0,1,Mac Standard Software,DVD; VHS ,None,See Lab Staff,,25 East 13th Street,PARSONS EAST BUILDING,
Open Lab,E,208A,Mac & Windows PC,16,5,Mac & Windows PC Standard Software,DVD; VHS ,None,See Lab Staff,,25 East 13th Street,PARSONS EAST BUILDING,
Open Lab,E,300A,Windows PC,14,0,Windows PC Standard Software,DVD; VHS ,None,See Lab Staff,,25 East 13th Street,PARSONS EAST BUILDING,
Classroom,E,302,Mac,0,1,Mac Standard Software,DVD; VHS ,None,IT Service Desk 212.229.5300 x4357,,25 East 13th Street,PARSONS EAST BUILDING,
Classroom,E,307,Mac,0,1,Mac Standard Software,DVD; VHS ,None,IT Service Desk 212.229.5300 x4357,,25 East 13th Street,PARSONS EAST BUILDING,
Classroom,E,404,Mac,0,1,Mac Standard Software,DVD; VHS ,None,IT Service Desk 212.229.5300 x4357,,25 East 13th Street,PARSONS EAST BUILDING,
Classroom,E,502,Mac,0,1,Mac Standard Software,DVD; VHS ,None,IT Service Desk 212.229.5300 x4357,,25 East 13th Street,PARSONS EAST BUILDING,
Classroom,E,503,Mac,0,1,Mac Standard Software,DVD; VHS ,None,IT Service Desk 212.229.5300 x4357,,25 East 13th Street,PARSONS EAST BUILDING,
Conference Room,G,319,Connect Your Laptop,0,0,None,DVD; VHS ,None,Media Services 212.229.5300 x2310,,25 East 13th Street,PARSONS EAST BUILDING,SVGA Only
Conference Room,G,529,Mac,0,1,Mac Standard Software,DVD; VHS ,None,Media Services 212.229.5300 x2310,,80 Fifth Avenue,80 FIFTH AVENUE,
Conference Room,G,619,Connect Your Laptop,0,0,None,Blu-ray; DVD; VHS; HD Projector ,None,Media Services 212.229.5300 x2310,,80 Fifth Avenue,80 FIFTH AVENUE,"SVGA, HDMI Only"
Conference Room,G,703,Connect Your Laptop,0,0,None,DVD; VHS ,None,Media Services 212.229.5300 x2310,,80 Fifth Avenue,80 FIFTH AVENUE,"SVGA, HDMI Only"
Conference Room,G,800,Mac,0,1,Mac Standard Software,DVD; VHS ,None,Media Services 212.229.5300 x2310,,80 Fifth Avenue,80 FIFTH AVENUE,
Conference Room,G,801,None,0,0,None,DVD; VHS ,None,Media Services 212.229.5300 x2310,,80 Fifth Avenue,80 FIFTH AVENUE,
Classroom,H,321,Mac,0,1,Mac Standard Software,Blu-ray; DVD; VHS; HD Projector ,None,IT Service Desk 212.229.5300 x4357,,80 Fifth Avenue,80 FIFTH AVENUE,
Express Stations,H,500,Windows PC,1,0,Windows PC Express Software,DVD; VHS ,None,IT Service Desk 212.229.5300 x4357,,72 Fifth Avenue,FANTON HALL/WELCOME CENTER,
Express Stations,H,600,Windows PC,1,0,Windows PC Express Software,DVD; VHS ,None,IT Service Desk 212.229.5300 x4357,,72 Fifth Avenue,FANTON HALL/WELCOME CENTER,
Express Stations,H,700,Windows PC,1,0,Windows PC Express Software,DVD; VHS ,None,IT Service Desk 212.229.5300 x4357,,72 Fifth Avenue,FANTON HALL/WELCOME CENTER,
Classroom,H,713,Mac,0,1,Mac Standard Software,DVD; VHS ,None,IT Service Desk 212.229.5300 x4357,,72 Fifth Avenue,FANTON HALL/WELCOME CENTER,
Event Space,i,202,None,0,0,None,DVD; VHS ,None,Media Services 212.229.5300 x2310,,72 Fifth Avenue,FANTON HALL/WELCOME CENTER,
Event Space,i,205,Connect Your Laptop,0,0,None,DVD; VHS ,None,Media Services 212.229.5300 x2310,,55 West 13th Street,ARNHOLD HALL,SVGA Only
Classroom Jazz Dept. Supported,i,545,Mac,0,1,Mac Standard Software,DVD; VHS ,None,Jazz Dept. Staff 212.229.5896 x4574 or IT Service Desk 212.229.5300 x4357 (after Jazz Dept. hours),,56 West 13th Street,ARNHOLD HALL,No Projection at this location
Classroom Jazz Dept. Supported,i,613,Windows PC,1,0,Windows PC Standard Software,DVD; VHS ,None,Jazz Dept. Staff 212.229.5896 x4574 or IT Service Desk 212.229.5300 x4357 (after Jazz Dept. hours),,57 West 13th Street,ARNHOLD HALL,
Classroom Jazz Dept. Supported,i,618,Mac,0,1,Mac Standard Software,DVD; VHS ,None,Jazz Dept. Staff 212.229.5896 x4574 or IT Service Desk 212.229.5300 x4357 (after Jazz Dept. hours),,58 West 13th Street,ARNHOLD HALL,
Classroom Jazz Dept. Supported,i,624,Mac,0,1,Mac Standard Software,DVD; VHS ,None,Jazz Dept. Staff 212.229.5896 x4574 or IT Service Desk 212.229.5300 x4357 (after Jazz Dept. hours),,59 West 13th Street,ARNHOLD HALL,
Classroom Jazz Dept. Supported,i,645,Mac,0,1,Mac Standard Software,DVD; VHS ,None,Jazz Dept. Staff 212.229.5896 x4574 or IT Service Desk 212.229.5300 x4357 (after Jazz Dept. hours),,60 West 13th Street,ARNHOLD HALL,
Express Stations,i,801,Mac,0,1,Mac Express Software,DVD; VHS ,None,See Lab Staff,,61 West 13th Street,ARNHOLD HALL,
Help Kiosks,i,801,Mac,0,1,Mac Help Kiosk Software,DVD; VHS ,None,See Lab Staff,,62 West 13th Street,ARNHOLD HALL,
Open Lab,i,802,Mac & Windows PC,25,80,Various,DVD; VHS ,None,AT Dispatch 212.229.5300 x4538,,63 West 13th Street,ARNHOLD HALL,
Classroom,i,803,Mac,0,15,Mac Standard Software + Pro Tools & Avid,DVD; VHS ,None,IT Service Desk 212.229.5300 x4357,,64 West 13th Street,ARNHOLD HALL,
Classroom,i,804,Mac,0,21,Mac Standard Software,DVD; VHS ,None,IT Service Desk 212.229.5300 x4357,,65 West 13th Street,ARNHOLD HALL,
Classroom,i,805,Mac,0,15,Mac Advanced Audio Software,DVD; VHS ,None,IT Service Desk 212.229.5300 x4357,,66 West 13th Street,ARNHOLD HALL,
Classroom,i,806,Mac,0,13,Mac Advanced Audio Software + Avid,DVD; VHS ,None,IT Service Desk 212.229.5300 x4357,,67 West 13th Street,ARNHOLD HALL,
Audio/Video Suite,i,807,Mac,0,1,Audio Suite Software,DVD; VHS ,None,See Lab Staff,,68 West 13th Street,ARNHOLD HALL,
Audio/Video Suite,i,812,Mac,0,1,Audio Suite Software,DVD; VHS ,None,See Lab Staff,,69 West 13th Street,ARNHOLD HALL,
Audio/Video Suite,i,813,Mac,0,1,Mac Standard Software,DVD; VHS ,None,See Lab Staff,,70 West 13th Street,ARNHOLD HALL,
Audio/Video Suite,i,814,Mac,0,1,Mac Standard Software + Avid,DVD; VHS ,None,See Lab Staff,,71 West 13th Street,ARNHOLD HALL,
Audio/Video Suite,i,815,Mac,0,1,Mac Standard Software + Avid,DVD; VHS ,None,See Lab Staff,,72 West 13th Street,ARNHOLD HALL,
Audio/Video Suite,i,816,Mac,0,1,Mac Standard Software + Avid,DVD; VHS ,None,See Lab Staff,,73 West 13th Street,ARNHOLD HALL,
Audio/Video Suite,i,817,Mac,0,1,Audio Suite Software,DVD; VHS ,None,See Lab Staff,,74 West 13th Street,ARNHOLD HALL,
Audio/Video Suite,i,818,None,0,0,None,DVD; VHS ,None,See Lab Staff,,75 West 13th Street,ARNHOLD HALL,
Audio/Video Suite,i,820,Mac,0,1,Audio Suite Software,DVD; VHS ,None,See Lab Staff,,76 West 13th Street,ARNHOLD HALL,
Classroom & Audio/Video Suite,i,821,Mac,0,1,Mac Standard Software + Avid,DVD; VHS ,None,See Lab Staff,,77 West 13th Street,ARNHOLD HALL,
Help Kiosks,i,900,Mac,0,1,Mac Help Kiosk Software,DVD; VHS ,None,See Lab Staff,,78 West 13th Street,ARNHOLD HALL,
Classroom,i,907,Mac,0,1,Mac & Windows PC Standard Software,DVD; VHS ,None,IT Service Desk 212.229.5300 x4357,,79 West 13th Street,ARNHOLD HALL,
Classroom,i,908,Mac,0,1,Mac & Windows PC Standard Software,DVD; VHS ,None,IT Service Desk 212.229.5300 x4357,,80 West 13th Street,ARNHOLD HALL,
Classroom,i,909,Mac,0,1,Mac & Windows PC Standard Software,DVD; VHS ,None,IT Service Desk 212.229.5300 x4357,,81 West 13th Street,ARNHOLD HALL,
Classroom,i,913,Windows PC,18,0,Windows PC Standard Software,DVD; VHS ,None,IT Service Desk 212.229.5300 x4357,,82 West 13th Street,ARNHOLD HALL,
Classroom,i,930,Mac,0,1,Mac & Windows PC Standard Software,DVD; VHS ,None,IT Service Desk 212.229.5300 x4357,,83 West 13th Street,ARNHOLD HALL,
Classroom,L,1005B,Mac,0,1,Mac Standard Software,DVD; VHS ,None,IT Service Desk 212.229.5300 x4357,,84 West 13th Street,ARNHOLD HALL,
Classroom,L,1006,Mac,0,1,Mac Standard Software,DVD; VHS ,None,IT Service Desk 212.229.5300 x4357,,2 West 13th Street,SHEILA C. JOHNSON DESIGN CENTER,
Conference Room,L,101,Connect Your Laptop,0,0,None,Blu-ray; DVD; VHS; HD Projector ,None,Media Services 212.229.5300 x2310,,2 West 13th Street,SHEILA C. JOHNSON DESIGN CENTER,SVGA Only
Classroom,L,1100,Mac,0,1,Mac Standard Software,DVD; VHS ,None,IT Service Desk 212.229.5300 x4357,,2 West 13th Street,SHEILA C. JOHNSON DESIGN CENTER,
Classroom,L,1101,Mac,0,1,Mac Standard Software,DVD; VHS ,None,IT Service Desk 212.229.5300 x4357,,2 West 13th Street,SHEILA C. JOHNSON DESIGN CENTER,
Classroom,L,1102,Mac,0,1,Mac Standard Software,DVD; VHS ,None,IT Service Desk 212.229.5300 x4357,,2 West 13th Street,SHEILA C. JOHNSON DESIGN CENTER,
Classroom,L,1103,Mac,0,1,Mac Standard Software,Blu-ray; DVD; VHS; HD Projector ,None,IT Service Desk 212.229.5300 x4357,,2 West 13th Street,SHEILA C. JOHNSON DESIGN CENTER,
Classroom,L,1104,Mac,0,1,Mac Standard Software,DVD; VHS ,None,IT Service Desk 212.229.5300 x4357,,2 West 13th Street,SHEILA C. JOHNSON DESIGN CENTER,
Classroom,L,1108,Mac,0,1,Mac Standard Software,DVD; VHS ,None,IT Service Desk 212.229.5300 x4357,,2 West 13th Street,SHEILA C. JOHNSON DESIGN CENTER,
Classroom,L,1111,Mac,0,1,Mac Standard Software,DVD; VHS ,None,IT Service Desk 212.229.5300 x4357,,2 West 13th Street,SHEILA C. JOHNSON DESIGN CENTER,
Classroom,L,300,Mac,0,1,Mac Standard Software,DVD; VHS ,None,IT Service Desk 212.229.5300 x4357,,2 West 13th Street,SHEILA C. JOHNSON DESIGN CENTER,
Classroom,L,301,Mac,0,1,Mac Standard Software,DVD; VHS ,None,IT Service Desk 212.229.5300 x4357,,2 West 13th Street,SHEILA C. JOHNSON DESIGN CENTER,
Classroom,L,310,Mac,0,1,Mac Standard Software,DVD; VHS ,None,IT Service Desk 212.229.5300 x4357,,2 West 13th Street,SHEILA C. JOHNSON DESIGN CENTER,
Classroom,L,311,Mac,0,1,Mac Standard Software,DVD; VHS ,None,IT Service Desk 212.229.5300 x4357,,2 West 13th Street,SHEILA C. JOHNSON DESIGN CENTER,
Express Stations,L,400,Windows PC,7,0,Windows PC Express Software,DVD; VHS ,None,,,2 West 13th Street,SHEILA C. JOHNSON DESIGN CENTER,
Classroom,L,500,Mac,0,1,Mac Standard Software,DVD; VHS ,None,IT Service Desk 212.229.5300 x4357,,2 West 13th Street,SHEILA C. JOHNSON DESIGN CENTER,
Classroom,L,503,Mac,0,1,Mac Standard Software,DVD; VHS ,None,IT Service Desk 212.229.5300 x4357,,2 West 13th Street,SHEILA C. JOHNSON DESIGN CENTER,
Classroom,L,504,Mac,0,1,Mac Standard Software,DVD; VHS ,None,IT Service Desk 212.229.5300 x4357,,2 West 13th Street,SHEILA C. JOHNSON DESIGN CENTER,
Classroom,L,511,Mac,0,1,Mac Standard Software,DVD; VHS ,None,IT Service Desk 212.229.5300 x4357,,2 West 13th Street,SHEILA C. JOHNSON DESIGN CENTER,
Classroom,L,601,Connect Your Laptop,0,0,None,DVD; VHS ,None,,,2 West 13th Street,SHEILA C. JOHNSON DESIGN CENTER,SVGA Only
Classroom,L,602,Mac,0,1,Mac Standard Software,DVD; VHS ,None,IT Service Desk 212.229.5300 x4357,,2 West 13th Street,SHEILA C. JOHNSON DESIGN CENTER,
Classroom,L,603,Mac,0,1,Mac Standard Software,DVD; VHS ,None,IT Service Desk 212.229.5300 x4357,,2 West 13th Street,SHEILA C. JOHNSON DESIGN CENTER,
Classroom,L,612,Mac,0,1,Mac Standard Software,DVD; VHS ,None,IT Service Desk 212.229.5300 x4357,,2 West 13th Street,SHEILA C. JOHNSON DESIGN CENTER,
Classroom,L,701,Mac,0,1,Mac Standard Software,DVD; VHS ,None,IT Service Desk 212.229.5300 x4357,,2 West 13th Street,SHEILA C. JOHNSON DESIGN CENTER,
Classroom,L,702,Mac,0,1,Mac Standard Software,DVD; VHS ,None,IT Service Desk 212.229.5300 x4357,,2 West 13th Street,SHEILA C. JOHNSON DESIGN CENTER,
Classroom,L,703,Mac,0,1,Mac Standard Software,DVD; VHS ,None,IT Service Desk 212.229.5300 x4357,,2 West 13th Street,SHEILA C. JOHNSON DESIGN CENTER,
Classroom,L,704,Mac,0,1,Mac Standard Software,DVD; VHS ,None,IT Service Desk 212.229.5300 x4357,,2 West 13th Street,SHEILA C. JOHNSON DESIGN CENTER,
Classroom,L,711,Mac,0,1,Mac Standard Software,DVD; VHS ,None,IT Service Desk 212.229.5300 x4357,,2 West 13th Street,SHEILA C. JOHNSON DESIGN CENTER,
Classroom,L,801,Mac,0,1,Mac Standard Software,DVD; VHS ,None,IT Service Desk 212.229.5300 x4357,,2 West 13th Street,SHEILA C. JOHNSON DESIGN CENTER,
Classroom,L,802,Mac,0,1,Mac Standard Software,DVD; VHS ,None,IT Service Desk 212.229.5300 x4357,,2 West 13th Street,SHEILA C. JOHNSON DESIGN CENTER,
Classroom,L,803,Mac,0,1,Mac Standard Software,DVD; VHS ,None,IT Service Desk 212.229.5300 x4357,,2 West 13th Street,SHEILA C. JOHNSON DESIGN CENTER,
Experimental Classroom,L,804,Mac,0,1,Mac Standard Software,DVD; VHS ,None,Media Services 212.229.5300 x2310,,2 West 13th Street,SHEILA C. JOHNSON DESIGN CENTER,
Classroom,L,809,Mac,0,1,Mac Standard Software,DVD; VHS ,None,IT Service Desk 212.229.5300 x4357,,2 West 13th Street,SHEILA C. JOHNSON DESIGN CENTER,
Classroom,L,811,Mac,0,1,Mac Standard Software,DVD; VHS ,None,IT Service Desk 212.229.5300 x4357,,2 West 13th Street,SHEILA C. JOHNSON DESIGN CENTER,
Classroom,L,901,Mac,0,1,Mac Standard Software,DVD; VHS ,None,IT Service Desk 212.229.5300 x4357,,2 West 13th Street,SHEILA C. JOHNSON DESIGN CENTER,
Classroom,L,904,Mac,0,1,Mac Standard Software,DVD; VHS ,None,IT Service Desk 212.229.5300 x4357,,2 West 13th Street,SHEILA C. JOHNSON DESIGN CENTER,
Classroom,L,905,Mac,0,1,Mac Standard Software,DVD; VHS ,None,IT Service Desk 212.229.5300 x4357,,2 West 13th Street,SHEILA C. JOHNSON DESIGN CENTER,
Conference Room,L,mz100,Connect Your Laptop,0,0,None,DVD; VHS ,None,Media Services 212.229.5300 x2310,,2 West 13th Street,SHEILA C. JOHNSON DESIGN CENTER,SVGA Only
Classroom,M,100,Mac,0,1,Mac Standard Software,DVD; VHS ,None,IT Service Desk 212.229.5300 x4357,,2 West 13th Street,SHEILA C. JOHNSON DESIGN CENTER,
Event Space,M,101,Mac & Windows PC,1,1,Mac & Windows PC Standard Software,DVD; VHS ,None,IT Service Desk 212.229.5300 x4357,,68 Fifth Avenue,SHEILA C. JOHNSON DESIGN CENTER,
Classroom,N,3,Windows PC,31,0,Windows PC Standard Software,DVD; VHS ,None,IT Service Desk 212.229.5300 x4357,,68 Fifth Avenue,SHEILA C. JOHNSON DESIGN CENTER,
Classroom,N,5,Mac,21,0,Mac Standard Software,DVD; VHS ,None,IT Service Desk 212.229.5300 x4357,,66 Fifth Avenue,SHEILA C. JOHNSON DESIGN CENTER,
Classroom,N,400,Mac,0,1,Mac Standard Software + Avid,DVD; VHS ,None,IT Service Desk 212.229.5300 x4357,,66 Fifth Avenue,SHEILA C. JOHNSON DESIGN CENTER,
Classroom,N,402,Mac,0,1,Mac Standard Software,Blu-ray; DVD; VHS; HD Projector ,None,IT Service Desk 212.229.5300 x4357,,66 Fifth Avenue,SHEILA C. JOHNSON DESIGN CENTER,
Classroom,N,404,Mac,0,1,Mac Standard Software + Avid,DVD; VHS ,None,IT Service Desk 212.229.5300 x4357,,66 Fifth Avenue,SHEILA C. JOHNSON DESIGN CENTER,
Conference Room,N,600F,Connect Your Laptop,0,0,None,DVD; VHS ,None,Media Services 212.229.5300 x2310,,66 Fifth Avenue,SHEILA C. JOHNSON DESIGN CENTER,SVGA Only
Classroom,N,603,Mac,0,1,Mac Standard Software,DVD; VHS ,None,IT Service Desk 212.229.5300 x4357,,66 Fifth Avenue,SHEILA C. JOHNSON DESIGN CENTER,
Classroom,N,716,Mac,0,1,Mac Standard Software,Blu-ray; DVD; VHS; HD Projector ,None,IT Service Desk 212.229.5300 x4357,,66 Fifth Avenue,SHEILA C. JOHNSON DESIGN CENTER,
Classroom,N,720,Mac,0,1,Mac Standard Software,DVD; VHS ,None,IT Service Desk 212.229.5300 x4357,,66 Fifth Avenue,SHEILA C. JOHNSON DESIGN CENTER,
Classroom,N,818,Mac,0,1,Mac Standard Software,DVD; VHS ,None,IT Service Desk 212.229.5300 x4357,,66 Fifth Avenue,SHEILA C. JOHNSON DESIGN CENTER,
Classroom,N,822,Mac,0,1,Mac Standard Software,DVD; VHS ,None,IT Service Desk 212.229.5300 x4357,,66 Fifth Avenue,SHEILA C. JOHNSON DESIGN CENTER,
Event Space,N,N101,Mac,0,1,Mac & Windows PC Standard Software,DVD; VHS ,None,Media Services 212.229.5300 x2310,,66 Fifth Avenue,SHEILA C. JOHNSON DESIGN CENTER,
Classroom,U,L107,Windows PC,45,0,Windows PC Standard Software,DVD; VHS ,None,IT Service Desk 212.229.5300 x4357,,66 Fifth Avenue,SHEILA C. JOHNSON DESIGN CENTER,
Classroom,U,L106,Mac,0,19,Mac Standard Software,DVD; VHS ,None,IT Service Desk 212.229.5300 x4357,,63 Fifth Avenue,UNIVERSITY CENTER,
Classroom,U,L100,Windows PC,32,0,Windows PC Standard Software,DVD; VHS ,None,IT Service Desk 212.229.5300 x4357,,63 Fifth Avenue,UNIVERSITY CENTER,
Classroom,U,L101,Mac,0,19,Mac Standard Software,DVD; VHS ,None,IT Service Desk 212.229.5300 x4357,,63 Fifth Avenue,UNIVERSITY CENTER,
Auditorium,U,100,Mac & Windows PC,1,1,Mac & Windows PC Standard Software,DVD; VHS ,1884,Media Services 212.229.5300 x2310,,63 Fifth Avenue,UNIVERSITY CENTER,
Conference Room,U,106,Mac,0,1,Mac Standard Software,DVD; VHS ,2588,Media Services 212.229.5300 x2310,,63 Fifth Avenue,UNIVERSITY CENTER,
Auditorium Green Room,U,107,Mac,0,1,Mac & Windows PC Standard Software,DVD; VHS ,1834,Media Services 212.229.5300 x2310,,63 Fifth Avenue,UNIVERSITY CENTER,
Auditorium Speaker Room,U,108,Mac,0,1,Mac & Windows PC Standard Software,DVD; VHS ,2589,Media Services 212.229.5300 x2310,,63 Fifth Avenue,UNIVERSITY CENTER,
Large Design Studio,U,200,Mac,0,1,Mac & Windows PC Standard Software,DVD; VHS ,1712,IT Service Desk 212.229.5300 x4357,,63 Fifth Avenue,UNIVERSITY CENTER,
Classroom Type 2-1,U,201,Mac & Windows PC,0,1,Mac & Windows PC Standard Software,DVD; VHS ,1713,IT Service Desk 212.229.5300 x4357 Media Services 212.229.5300 x2310,,63 Fifth Avenue,UNIVERSITY CENTER,
Classroom Type 2-1,U,202,Mac & Windows PC,0,1,Mac & Windows PC Standard Software,DVD; VHS ,1714,IT Service Desk 212.229.5300 x4357 Media Services 212.229.5300 x2310,,63 Fifth Avenue,UNIVERSITY CENTER,
Large Design Studio,U,204,Mac,0,1,Mac & Windows PC Standard Software,DVD; VHS ,1715,IT Service Desk 212.229.5300 x4357,,63 Fifth Avenue,UNIVERSITY CENTER,
Drawing Studio,U,205,Mac,0,1,Mac & Windows PC Standard Software,DVD; VHS ,1716,IT Service Desk 212.229.5300 x4357,,63 Fifth Avenue,UNIVERSITY CENTER,
Cafeteria Seating,U,206,Mac,0,1,Display Content,DVD; VHS ,1717,Media Services 212.229.5300 x2310,,63 Fifth Avenue,UNIVERSITY CENTER,
Large Design Studio,U,300,Mac,0,1,Mac & Windows PC Standard Software,DVD; VHS ,1726,IT Service Desk 212.229.5300 x4357,,63 Fifth Avenue,UNIVERSITY CENTER,
Drawing Studio,U,303,Mac,0,1,Mac & Windows PC Standard Software,DVD; VHS ,1729,IT Service Desk 212.229.5300 x4357,,63 Fifth Avenue,UNIVERSITY CENTER,
Distance Learning Classroom,U,304,Mac & Windows PC,1,1,Mac & Windows PC Standard Software,DVD; VHS ,1730,IT Service Desk 212.229.5300 x4357 Media Services 212.229.5300 x2310,,63 Fifth Avenue,UNIVERSITY CENTER,
Drawing Studio,U,305,Mac,0,1,Mac & Windows PC Standard Software,DVD; VHS ,1731,IT Service Desk 212.229.5300 x4357,,63 Fifth Avenue,UNIVERSITY CENTER,
Drawing Studio,U,306,Mac,0,1,Mac & Windows PC Standard Software,DVD; VHS ,1732,IT Service Desk 212.229.5300 x4357,,63 Fifth Avenue,UNIVERSITY CENTER,
Faculty Resource,U,308,Mac,0,7,Mac & Windows PC Standard Software,DVD; VHS ,1733,IT Service Desk 212.229.5300 x4357,,63 Fifth Avenue,UNIVERSITY CENTER,
Drawing Studio,U,310,Mac,0,1,Mac & Windows PC Standard Software,DVD; VHS ,1734,IT Service Desk 212.229.5300 x4357,,63 Fifth Avenue,UNIVERSITY CENTER,
Drawing Studio,U,311,Mac,0,1,Mac & Windows PC Standard Software,DVD; VHS ,1735,IT Service Desk 212.229.5300 x4357,,63 Fifth Avenue,UNIVERSITY CENTER,
Large Design Studio,U,312,Mac,0,1,Mac & Windows PC Standard Software,DVD; VHS ,1736,IT Service Desk 212.229.5300 x4357,,63 Fifth Avenue,UNIVERSITY CENTER,
Construction Studio,U,400,Mac,0,1,Mac & Windows PC Standard Software,DVD; VHS ,1747,IT Service Desk 212.229.5300 x4357,,63 Fifth Avenue,UNIVERSITY CENTER,
Construction Studio,U,402,Mac,0,1,Mac & Windows PC Standard Software,DVD; VHS ,1748,IT Service Desk 212.229.5300 x4357,,63 Fifth Avenue,UNIVERSITY CENTER,
Drawing Studio,U,403,Mac,0,1,Mac & Windows PC Standard Software,DVD; VHS ,1749,IT Service Desk 212.229.5300 x4357,,63 Fifth Avenue,UNIVERSITY CENTER,
Drawing Studio,U,404,Mac,0,1,Mac & Windows PC Standard Software,DVD; VHS ,1750,IT Service Desk 212.229.5300 x4357,,63 Fifth Avenue,UNIVERSITY CENTER,
Construction Studio,U,405,Mac,0,1,Mac & Windows PC Standard Software,DVD; VHS ,1751,IT Service Desk 212.229.5300 x4357,,63 Fifth Avenue,UNIVERSITY CENTER,
Construction Studio,U,406,Mac,0,1,Mac & Windows PC Standard Software,DVD; VHS ,1752,IT Service Desk 212.229.5300 x4357,,63 Fifth Avenue,UNIVERSITY CENTER,
Student Resource Meeting Room,U,407,None,0,0,None,DVD; VHS ,1753,Media Services 212.229.5300 x2310,,63 Fifth Avenue,UNIVERSITY CENTER,
Urban Ecologies,U,411,Mac,0,1,Mac & Windows PC Standard Software,DVD; VHS ,1757,IT Service Desk 212.229.5300 x4357,,63 Fifth Avenue,UNIVERSITY CENTER,
Construction Studio,U,412,Mac,0,1,Mac & Windows PC Standard Software,DVD; VHS ,1758,IT Service Desk 212.229.5300 x4357,,63 Fifth Avenue,UNIVERSITY CENTER,
Urban Ecologies,U,417,Mac,0,1,Mac & Windows PC Standard Software,Blu-ray; DVD; VHS; HD Projector ,1763,IT Service Desk 212.229.5300 x4357,,63 Fifth Avenue,UNIVERSITY CENTER,
Construction Studio,U,418,Mac,0,1,Mac & Windows PC Standard Software,DVD; VHS ,1764,IT Service Desk 212.229.5300 x4357,,63 Fifth Avenue,UNIVERSITY CENTER,
Student Resource,U,426,Mac,0,4,Mac Express Software,DVD; VHS ,1772,IT Service Desk 212.229.5300 x4357,,63 Fifth Avenue,UNIVERSITY CENTER,
Student Resource,U,427,Mac,0,1,Mac Standard Software,DVD; VHS ,1773,Media Services 212.229.5300 x2310,,63 Fifth Avenue,UNIVERSITY CENTER,
Construction Studio,U,428,Mac,0,1,Mac & Windows PC Standard Software,Blu-ray; DVD; VHS; HD Projector ,1774,IT Service Desk 212.229.5300 x4357,,63 Fifth Avenue,UNIVERSITY CENTER,
Construction Studio,U,429,Mac,0,1,Mac & Windows PC Standard Software,DVD; VHS ,1887,IT Service Desk 212.229.5300 x4357,,63 Fifth Avenue,UNIVERSITY CENTER,
Construction Studio,U,430,Mac,0,1,Mac & Windows PC Standard Software,DVD; VHS ,1888,IT Service Desk 212.229.5300 x4357,,63 Fifth Avenue,UNIVERSITY CENTER,
Construction Studio,U,431,Mac,0,1,Mac & Windows PC Standard Software,DVD; VHS ,1889,IT Service Desk 212.229.5300 x4357,,63 Fifth Avenue,UNIVERSITY CENTER,
Print Center,U,432,Mac & Windows PC,2,2,Mac & Windows PC Standard Software,DVD; VHS ,1890,IT Service Desk 212.229.5300 x4357,,63 Fifth Avenue,UNIVERSITY CENTER,
Construction Studio,U,500,None,0,0,None,DVD; VHS ,1896,IT Service Desk 212.229.5300 x4357,,63 Fifth Avenue,UNIVERSITY CENTER,
Drawing Studio,U,502,Mac,0,1,Mac & Windows PC Standard Software,DVD; VHS ,1898,IT Service Desk 212.229.5300 x4357,,63 Fifth Avenue,UNIVERSITY CENTER,
Drawing Studio,U,503,Mac,0,1,Mac & Windows PC Standard Software,DVD; VHS ,1899,IT Service Desk 212.229.5300 x4357,,63 Fifth Avenue,UNIVERSITY CENTER,
Construction Studio,U,504,Mac,0,1,Mac & Windows PC Standard Software,DVD; VHS ,1700,IT Service Desk 212.229.5300 x4357,,63 Fifth Avenue,UNIVERSITY CENTER,
Student Lounge,U,505,None,0,0,None,DVD; VHS ,1701,Media Services 212.229.5300 x2310,,63 Fifth Avenue,UNIVERSITY CENTER,
Construction Studio,U,506,Mac,0,1,Mac & Windows PC Standard Software,DVD; VHS ,1702,IT Service Desk 212.229.5300 x4357,,63 Fifth Avenue,UNIVERSITY CENTER,
Drawing Studio,U,508,Mac,0,1,Mac & Windows PC Standard Software,DVD; VHS ,1703,IT Service Desk 212.229.5300 x4357,,63 Fifth Avenue,UNIVERSITY CENTER,
Construction Studio,U,509,Mac,0,1,Mac & Windows PC Standard Software,DVD; VHS ,1704,IT Service Desk 212.229.5300 x4357,,63 Fifth Avenue,UNIVERSITY CENTER,
Construction Studio,U,510,Mac,0,1,Mac & Windows PC Standard Software,DVD; VHS ,1705,IT Service Desk 212.229.5300 x4357,,63 Fifth Avenue,UNIVERSITY CENTER,
Construction Studio,U,511,Mac,0,1,Mac & Windows PC Standard Software,DVD; VHS ,1706,IT Service Desk 212.229.5300 x4357,,63 Fifth Avenue,UNIVERSITY CENTER,
University Resource Meeting Space,U,513,Mac,0,1,Mac Standard Software,DVD; VHS ,1708,IT Service Desk 212.229.5300 x4357,,63 Fifth Avenue,UNIVERSITY CENTER,
University Resource Meeting Space,U,514,Mac,0,1,Mac Standard Software,DVD; VHS ,1709,IT Service Desk 212.229.5300 x4357,,63 Fifth Avenue,UNIVERSITY CENTER,
Construction Studio,U,515,Mac,0,1,Mac & Windows PC Standard Software,DVD; VHS ,1710,IT Service Desk 212.229.5300 x4357,,63 Fifth Avenue,UNIVERSITY CENTER,
Construction Studio,U,516,Mac,0,1,Mac & Windows PC Standard Software,DVD; VHS ,1711,IT Service Desk 212.229.5300 x4357,,63 Fifth Avenue,UNIVERSITY CENTER,
Drawing Studio,U,517,Mac,0,1,Mac & Windows PC Standard Software,DVD; VHS ,2526,IT Service Desk 212.229.5300 x4357,,63 Fifth Avenue,UNIVERSITY CENTER,
Construction Studio,U,518,Mac,0,1,Mac & Windows PC Standard Software,DVD; VHS ,2527,IT Service Desk 212.229.5300 x4357,,63 Fifth Avenue,UNIVERSITY CENTER,
Drawing Studio,U,519,Mac,0,1,Mac & Windows PC Standard Software,DVD; VHS ,2528,IT Service Desk 212.229.5300 x4357,,63 Fifth Avenue,UNIVERSITY CENTER,
Coming Soon,U,520,Mac,0,1,Mac & Windows PC Standard Software,DVD; VHS ,2529,IT Service Desk 212.229.5300 x4357,,63 Fifth Avenue,UNIVERSITY CENTER,
Classroom (Drawing Studio),U,600,Mac,0,1,Mac & Windows PC Standard Software,DVD; VHS ,2533,IT Service Desk 212.229.5300 x4357,,63 Fifth Avenue,UNIVERSITY CENTER,
Classroom (Large Design Studio),U,601,Mac,0,1,Mac & Windows PC Standard Software,DVD; VHS ,2534,IT Service Desk 212.229.5300 x4357,,63 Fifth Avenue,UNIVERSITY CENTER,
Classroom Type 2-4 (Drawing Studio),U,602,Mac,0,1,Mac & Windows PC Standard Software,DVD; VHS ,2535,IT Service Desk 212.229.5300 x4357,,63 Fifth Avenue,UNIVERSITY CENTER,
Large Design Studio,U,617,Mac,0,1,Mac & Windows PC Standard Software,DVD; VHS ,2542,IT Service Desk 212.229.5300 x4357,,63 Fifth Avenue,UNIVERSITY CENTER,
Science Lab,U,618,Mac,0,1,Mac & Windows PC Standard Software,DVD; VHS ,2543,IT Service Desk 212.229.5300 x4357,,63 Fifth Avenue,UNIVERSITY CENTER,
Drawing Studio,U,619,Mac,0,1,Mac & Windows PC Standard Software,DVD; VHS ,2544,IT Service Desk 212.229.5300 x4357,,63 Fifth Avenue,UNIVERSITY CENTER,
Large Design Studio,U,620,Mac,0,1,Mac & Windows PC Standard Software,DVD; VHS ,2545,IT Service Desk 212.229.5300 x4357,,63 Fifth Avenue,UNIVERSITY CENTER,
CLASSROOM TYPE 2-3,U,622,Mac,0,1,Mac & Windows PC Standard Software,DVD; VHS ,2547,IT Service Desk 212.229.5300 x4357,,63 Fifth Avenue,UNIVERSITY CENTER,
Library Cafe,U,700,Mac,0,1,CEA Content,DVD; VHS ,2562,Media Services 212.229.5300 x2310,,63 Fifth Avenue,UNIVERSITY CENTER,
Faculty Resource Conference Room 4,U,308A,Mac,0,1,Mac Standard Software,DVD; VHS ,1737,Media Services 212.229.5300 x2310,,63 Fifth Avenue,UNIVERSITY CENTER,
Faculty Resource Conference Room 3,U,308B,Mac,0,1,Mac Standard Software,DVD; VHS ,1738,Media Services 212.229.5300 x2310,,63 Fifth Avenue,UNIVERSITY CENTER,
Faculty Resource Conference Room 2,U,308C,Mac,0,1,Mac Standard Software,DVD; VHS ,1739,Media Services 212.229.5300 x2310,,63 Fifth Avenue,UNIVERSITY CENTER,
Faculty Resource Conference Room 1,U,308D,Mac,0,1,Mac Standard Software,DVD; VHS ,1740,Media Services 212.229.5300 x2310,,63 Fifth Avenue,UNIVERSITY CENTER,
Master AV Control Room,U,M603,None,0,0,None,DVD; VHS ,1799,IT Service Desk 212.229.5300 x4357,,63 Fifth Avenue,UNIVERSITY CENTER,
Conference Room,W,901,Mac,0,1,Mac Express Software,Blu-ray; DVD; VHS; HD Projector ,None,Media Services 212.229.5300 x2310,,63 Fifth Avenue,UNIVERSITY CENTER,
Conference Room,W,916,Connect Your Laptop,0,0,None,DVD; VHS ,None,Media Services 212.229.5300 x2310,,71 Fifth Avenue,71 FIFTH AVENUE,SVGA Only
,,,,,,,,,,,71 Fifth Avenue,71 FIFTH AVENUE,
