Category,Software,Version,Windows PC Express Software,PC Standard,Windows PC Standard Software,"PC Satellite Lab
(Satellite Facilities)",Mac Express Software,Mac Help Kiosk Software,Mac Standard 1,Mac Standard Software,Mac Standard Software + Pro Tools,Mac Advanced Audio Software,Audio Suite Software,Satellite Lab
CAD,Autodesk AutoCAD,2016,Not Available,Yes,Yes,Yes,Not Available,Not Available,Not Available,Not Available,Not Available,Not Available,Not Available,Not Available
CAD,Autodesk Revit,2016,Not Available,Yes,Yes,Yes,Not Available,Not Available,Not Available,Not Available,Not Available,Not Available,Not Available,Not Available
CAD,SketchUp Pro,2015,Not Available,Yes,Yes,Yes,Not Available,Not Available,Yes,Yes,Yes,Yes,Yes,Yes
N/A in Start Menu - Plugin for SketchUp,SketchUp STL,2.1.5,Not Available,Not Available,Yes,Not Available,Not Available,Not Available,Not Available,Not Available,Not Available,Not Available,Not Available,Not Available
N/A in Start Menu - Plugin for SketchUp,Vray for SketchUp,2.0 SP3,Not Available,Not Available,Yes,Yes,Not Available,Not Available,Yes,Yes,Yes,Yes,Yes,Not Available
"Fashion
",Kaledo Print,V4R1sp6,Not Available,Yes,Yes,Yes,Not Available,Not Available,Not Available,Not Available,Not Available,Not Available,Not Available,Not Available
"Fashion
",Kaledo Knit,V4R1sp6,Not Available,Yes,Yes,Yes,Not Available,Not Available,Not Available,Not Available,Not Available,Not Available,Not Available,Not Available
"Fashion
",Kaledo Style,V4R1sp6,Not Available,Yes,Yes,Yes,Not Available,Not Available,Not Available,Not Available,Not Available,Not Available,Not Available,Not Available
"Fashion
",Kaledo Weave,V4R1sp6,Not Available,Yes,Yes,Yes,Not Available,Not Available,Not Available,Not Available,Not Available,Not Available,Not Available,Not Available
"Fashion
",Modaris,V7R2sp7,Not Available,Yes,Yes,Yes,Not Available,Not Available,Not Available,Not Available,Not Available,Not Available,Not Available,Not Available
"Fashion
",Diamino,V5R4sp4,Not Available,Yes,Yes,Yes,Not Available,Not Available,Not Available,Not Available,Not Available,Not Available,Not Available,Not Available
"Fashion
",OptiTex,12.3.147.0,Not Available,Yes,Yes,Yes,Not Available,Not Available,Not Available,Not Available,Not Available,Not Available,Not Available,Not Available
Internet Tools,Secure Shell Client,3.2.9,Yes,Yes,Yes,Yes,Not Available,Not Available,Not Available,Not Available,Not Available,Not Available,Not Available,Not Available
Internet Tools,FileZilla,3.11,Yes,Yes,Yes,Yes,Not Available,Not Available,Not Available,Not Available,Not Available,Not Available,Not Available,Not Available
Internet Tools,Putty,0.62,Yes,Yes,Yes,Yes,Not Available,Not Available,Not Available,Not Available,Not Available,Not Available,Not Available,Not Available
Internet Tools,Internet Explorer,11,Yes,Yes,Yes,Yes,Not Available,Not Available,Not Available,Not Available,Not Available,Not Available,Not Available,Not Available
Internet Tools,Safari,8.0.7,Not Available,Yes,Not Available,Yes,Yes,Yes,Yes,Yes,Yes,Yes,Yes,Not Available
Internet Tools,Fetch,5.7.5,Not Available,Yes,Not Available,Yes,Yes,Yes,Yes,Yes,Yes,Yes,Yes,Not Available
Internet Tools,Google Earth Pro,7.1,Yes,Yes,Yes,Yes,Yes,Yes,Yes,Yes,Yes,Yes,Yes,Not Available
Internet Tools,Firefox,38.0.5,Yes,Yes,Yes,Yes,Yes,Yes,Yes,Yes,Yes,Yes,Yes,Not Available
Internet Tools,Chrome,43,Yes,Yes,Yes,Yes,Yes,Yes,Yes,Yes,Yes,Yes,Yes,Yes
N/A in Start Menu - Browser Plugin,QuickTime Plug-in,7.7.6,Yes,Yes,Yes,Yes,Yes,Yes,Yes,Yes,Yes,Yes,Yes,Yes
N/A in Start Menu - Browser Plugin,Flash Player Plug-in,18,Yes,Yes,Yes,Yes,Yes,Yes,Yes,Yes,Yes,Yes,Yes,Yes
N/A in Start Menu - Browser Plugin,Shockwave Plug-in,12.1.8,Yes,Yes,Yes,Yes,Yes,Yes,Yes,Yes,Yes,Yes,Yes,Yes
N/A in Start Menu - Browser Plugin,Silverlight Plug-in,5.1.4,Yes,Yes,Yes,Yes,Yes,Yes,Yes,Yes,Yes,Yes,Yes,Yes
N/A in Start Menu - Browser Plugin,AIR Plug-in,18,Yes,Yes,Yes,Yes,Yes,Yes,Yes,Yes,Yes,Yes,Yes,Yes
N/A in Start Menu - Browser Plugin,Musicnotes,1.19,Yes,Yes,Yes,Yes,Yes,Yes,Yes,Yes,Yes,Yes,Yes,Yes
Media Players,QuickTime Player,7.7.6,Yes,Yes,Yes,Yes,Yes,Yes,Yes,Yes,Yes,Yes,Yes,Yes
Media Players,iTunes,12.2,Yes,Yes,Yes,Yes,Yes,Yes,Yes,Yes,Yes,Yes,Yes,Yes
Media Players,DivX Bundle,10.3,Yes,Yes,Yes,Yes,Yes,Yes,Yes,Yes,Yes,Yes,Yes,Yes
Media Players,VLC media player,2.2.1,Yes,Yes,Yes,Yes,Yes,Yes,Yes,Yes,Yes,Yes,Yes,Yes
Media Players,Windows Media Player,12,Yes,Yes,Yes,Yes,Not Available,Not Available,Not Available,Not Available,Not Available,Not Available,Not Available,Yes
Media Players,Flip4Mac™ Windows Media® Components,2.4.4,Not Available,Not Available,Not Available,Not Available,Yes,Yes,Yes,Yes,Yes,Yes,Yes,Yes
Microsoft Office,Microsoft Office,"Win 2013
Mac 2011",Yes,Yes,Yes,Yes,Yes,Yes,Yes,Yes,Yes,Yes,Not Available,Yes
Microsoft Office,Microsoft Word,"Win 2013
Mac 14.4.2",Yes,Yes,Yes,Yes,Yes,Yes,Yes,Yes,Yes,Yes,Not Available,Yes
N/A in Start Menu - Plugin for Word,ProQuest (Write-N-Cite),4.4.1298,Yes,Yes,Yes,Yes,Yes,Yes,Yes,Yes,Yes,Yes,Not Available,Yes
Microsoft Office,Microsoft Excel,"Win 2013
Mac 14.4.2",Yes,Yes,Yes,Yes,Yes,Yes,Yes,Yes,Yes,Yes,Not Available,Yes
Microsoft Office,Microsoft Power Point,"Win 2013
Mac 14.4.2",Yes,Yes,Yes,Yes,Yes,Yes,Yes,Yes,Yes,Yes,Not Available,Yes
Microsoft Office,Microsoft Access,"Win 2013

",Yes,Yes,Yes,Yes,Not Available,Not Available,Not Available,Not Available,Not Available,Not Available,Not Available,Yes
N/A in Start Menu -Visio File viewer on IE,Microsoft Visio Viewer,"Win 2013

",Yes,Yes,Yes,Yes,Not Available,Not Available,Not Available,Not Available,Not Available,Not Available,Not Available,Yes
Modeling and Animation,AGI32,16.3,Not Available,Not Available,Yes,Yes,Not Available,Not Available,Not Available,Not Available,Not Available,Not Available,Not Available,Yes
Modeling and Animation,Autodesk 3ds Max,2016,Not Available,Not Available,Yes,Not Available,Not Available,Not Available,Not Available,Not Available,Not Available,Not Available,Not Available,Yes
Modeling and Animation,Autodesk Maya,2016,Not Available,Not Available,Yes,Yes,Not Available,Not Available,Not Available,Not Available,Not Available,Not Available,Not Available,Yes
Modeling and Animation,Autodesk Motion Builder,2016,Not Available,Not Available,Yes,Yes,Not Available,Not Available,Not Available,Not Available,Not Available,Not Available,Not Available,Yes
Modeling and Animation,Autodesk Mudbox,2016,Not Available,Not Available,Yes,Yes,Not Available,Not Available,Not Available,Not Available,Not Available,Not Available,Not Available,Yes
Modeling and Animation,"DesignBuilder
Includes the following database
- Visualisation Seats
- EnergyPlus 
- Daylighting",3.4,Not Available,Not Available,Yes,Yes,Not Available,Not Available,Not Available,Not Available,Not Available,Not Available,Not Available,Yes
Modeling and Animation,"SolidWorks

",2015,Not Available,Not Available,Yes,Yes,Not Available,Not Available,Not Available,Not Available,Not Available,Not Available,Not Available,Yes
Modeling and Animation,Zprint,7.10 3-7,Not Available,Not Available,Yes,Yes,Not Available,Not Available,Not Available,Not Available,Not Available,Not Available,Not Available,Yes
Modeling and Animation,ZEdit,3.21,Not Available,Not Available,Yes,Yes,Not Available,Not Available,Not Available,Not Available,Not Available,Not Available,Not Available,Yes
Modeling and Animation,Rhino3D,5 SR11,Not Available,Not Available,Yes,Yes,Not Available,Not Available,Not Available,Not Available,Not Available,Not Available,Not Available,Not Available
N/A in Start Menu - Plugin for Rhino,Flamingo,Flamingo NXT Release20140422_0100,Not Available,Not Available,Yes,Yes,Not Available,Not Available,Not Available,Not Available,Not Available,Not Available,Not Available,Yes
N/A in Start Menu - Plugin for Rhino,Penguin,2.0 SR4,Not Available,Not Available,Yes,Yes,Not Available,Not Available,Not Available,Not Available,Not Available,Not Available,Not Available,Not Available
N/A in Start Menu - Plugin for Rhino,Bongo,2.0 SR5,Not Available,Not Available,Yes,Yes,Not Available,Not Available,Not Available,Not Available,Not Available,Not Available,Not Available,Not Available
N/A in Start Menu - Plugin for Rhino,Vray for Rhino,2.0 SP2,Not Available,Not Available,Yes,Yes,Not Available,Not Available,Not Available,Not Available,Not Available,Not Available,Not Available,Not Available
N/A in Start Menu - Plugin for Rhino,Paneling Tools for Rhino,2014_12_17_01,Not Available,Not Available,Yes,Yes,Not Available,Not Available,Not Available,Not Available,Not Available,Not Available,Not Available,Not Available
N/A in Start Menu - Plugin for Rhino,Grasshopper for Rhino,0.9.76.0,Not Available,Not Available,Yes,Yes,Not Available,Not Available,Not Available,Not Available,Not Available,Not Available,Not Available,Not Available
N/A in Start Menu - Plugin for Rhino,Neon for Rhino,1.0_20130823,Not Available,Not Available,Yes,Not Available,Not Available,Not Available,Not Available,Not Available,Not Available,Not Available,Not Available,Not Available
Multimedia,Adobe Acrobat Professional,DC (15.007),Yes,Yes,Yes,Yes,Yes,Yes,Yes,Yes,Yes,Yes,Yes,Not Available
Multimedia,Adobe Acrobat Distiller,DC (15.007),Yes,Yes,Yes,Yes,Yes,Yes,Yes,Yes,Yes,Yes,Yes,Not Available
Multimedia,Adobe After Effects,CC 2015,Not Available,Yes,Yes,Yes,Not Available,Not Available,Yes,Yes,Yes,Yes,Yes,Not Available
Multimedia,Adobe Audition,CC 2015,Not Available,Yes,Yes,Yes,Not Available,Not Available,Yes,Yes,Yes,Yes,Yes,Yes
Multimedia,Adobe Bridge,CC 2015,Not Available,Yes,Yes,Yes,Not Available,Not Available,Yes,Yes,Yes,Yes,Yes,Yes
Multimedia,Adobe Character Animator,CC 2015,Not Available,Yes,Yes,Yes,Not Available,Not Available,Yes,Yes,Yes,Yes,Yes,Yes
Multimedia,Adobe Digital Editions,4.0.3,Not Available,Yes,Yes,Yes,Not Available,Not Available,Yes,Yes,Yes,Yes,Yes,Yes
Multimedia,Adobe DNG Converter,9.1,Not Available,Yes,Yes,Yes,Not Available,Not Available,Yes,Yes,Yes,Yes,Yes,Not Available
Multimedia,Adobe Dreamweaver,CC 2015,Not Available,Yes,Yes,Yes,Not Available,Not Available,Yes,Yes,Yes,Yes,Yes,Not Available
Multimedia,Adobe Edge Animate,CC 2015,Not Available,Yes,Yes,Yes,Not Available,Not Available,Yes,Yes,Yes,Yes,Yes,Yes
Multimedia,Adobe Edge Code,CC 2015,Not Available,Yes,Yes,Yes,Not Available,Not Available,Yes,Yes,Yes,Yes,Yes,Not Available
Multimedia,Adobe Edge Reflow,CC 2015,Not Available,Yes,Yes,Yes,Not Available,Not Available,Yes,Yes,Yes,Yes,Yes,Yes
Multimedia,Adobe ExtendScript Toolkit,CC 2015,Not Available,Yes,Yes,Yes,Not Available,Not Available,Yes,Yes,Yes,Yes,Yes,Not Available
Multimedia,Adobe Extension Manager,CC 2015,Not Available,Yes,Yes,Yes,Not Available,Not Available,Yes,Yes,Yes,Yes,Yes,Not Available
Multimedia,Adobe Fireworks,CS6,Not Available,Yes,Yes,Yes,Not Available,Not Available,Yes,Yes,Yes,Yes,Yes,Not Available
Multimedia,Adobe Flash Builder,4.7,Not Available,Yes,Yes,Yes,Not Available,Not Available,Yes,Yes,Yes,Yes,Yes,Yes
Multimedia,Adobe Flash Professional,CC 2015,Not Available,Yes,Yes,Yes,Not Available,Not Available,Yes,Yes,Yes,Yes,Yes,Yes
Multimedia,Adobe Illustrator,CC 2015,Not Available,Yes,Yes,Yes,Not Available,Not Available,Yes,Yes,Yes,Yes,Yes,Yes
Multimedia,Adobe InCopy,CC 2015,Not Available,Yes,Yes,Yes,Not Available,Not Available,Yes,Yes,Yes,Yes,Yes,Not Available
Multimedia,Adobe InDesign,CC 2015,Not Available,Yes,Yes,Yes,Not Available,Not Available,Yes,Yes,Yes,Yes,Yes,Not Available
Multimedia,Adobe Lightroom,6,Not Available,Yes,Yes,Yes,Not Available,Not Available,Yes,Yes,Yes,Yes,Yes,Not Available
Multimedia,Adobe Media Encoder,CC 2015,Not Available,Yes,Yes,Yes,Not Available,Not Available,Yes,Yes,Yes,Yes,Yes,Not Available
Multimedia,Adobe Muse,CC 2015,Not Available,Yes,Yes,Yes,Not Available,Not Available,Yes,Yes,Yes,Yes,Yes,Not Available
Multimedia,Adobe Photoshop,CC 2015,Not Available,Yes,Yes,Yes,Not Available,Not Available,Yes,Yes,Yes,Yes,Yes,Not Available
Multimedia,Adobe Prelude,CC 2015,Not Available,Yes,Yes,Yes,Not Available,Not Available,Yes,Yes,Yes,Yes,Yes,Not Available
Multimedia,Adobe Premiere Pro,CC 2015,Not Available,Yes,Yes,Yes,Not Available,Not Available,Yes,Yes,Yes,Yes,Yes,Not Available
Multimedia,Adobe Scout,CC 2015,Not Available,Yes,Yes,Yes,Not Available,Not Available,Yes,Yes,Yes,Yes,Yes,Not Available
Multimedia,Adobe Speedgrade,CC 2015,Not Available,Yes,Yes,Yes,Not Available,Not Available,Yes,Yes,Yes,Yes,Yes,Not Available
Multimedia,Universal Type Client,5,Not Available,Yes,Yes,Not Available,Not Available,Not Available,Yes,Yes,Yes,Yes,Yes,Not Available
Multimedia,Final Draft,9.0.7,Yes,Yes,Yes,Yes,Yes,Not Available,Yes,Yes,Yes,Yes,Yes,Not Available
Multimedia,Windows Essentials Movie Maker,2012,Yes,Yes,Yes,Yes,Not Available,Not Available,Not Available,Not Available,Not Available,Not Available,Not Available,Not Available
Multimedia,Windows Essentials Photo Gallery,2012,Yes,Yes,Yes,Yes,Not Available,Not Available,Not Available,Not Available,Not Available,Not Available,Not Available,Not Available
Multimedia,TextWrangler,4.5.12,Not Available,Not Available,Not Available,Not Available,Yes,Yes,Yes,Yes,Yes,Yes,Yes,Not Available
Multimedia,FontLab Studio,5.3.4,Not Available,Not Available,Not Available,Not Available,Not Available,Not Available,Yes,Yes,Yes,Yes,Yes,Not Available
Multimedia,Snapz Pro X,2.5.4,Not Available,Not Available,Not Available,Not Available,Not Available,Not Available,Not Available,Not Available,Not Available,Not Available,Not Available,Not Available
Multimedia,Audacity,2.1.0,Not Available,Yes,Not Available,Yes,Not Available,Not Available,Yes,Yes,Yes,Yes,Yes,Not Available
Multimedia,MPEG Streamclip,1.9.2 / 1.2,Not Available,Yes,Not Available,Yes,Not Available,Not Available,Yes,Yes,Yes,Yes,Yes,Not Available
Multimedia,Finale Notepad,2012,Not Available,Yes,Not Available,Yes,Yes,Yes,Yes,Yes,Yes,Yes,Yes,Not Available
Multimedia,Photos,1.0.1,Not Available,Not Available,Not Available,Not Available,Not Available,Not Available,Yes,Yes,Yes,Yes,Yes,Not Available
Multimedia,Numbers,3.5.3,Not Available,Not Available,Not Available,Not Available,Not Available,Not Available,Yes,Yes,Yes,Yes,Yes,Not Available
Multimedia,Pages,5.5.3,Not Available,Not Available,Not Available,Not Available,Not Available,Not Available,Yes,Yes,Yes,Yes,Yes,Not Available
Multimedia,iMovie,10.0.9,Not Available,Not Available,Not Available,Not Available,Not Available,Not Available,Yes,Yes,Yes,Yes,Yes,Not Available
Multimedia,GarageBand,10.1.0,Not Available,Not Available,Not Available,Not Available,Not Available,Not Available,Yes,Yes,Yes,Yes,Yes,Not Available
"Multimedia
(Location specific by Request)",Keynote,6.2.2,Not Available,Not Available,Not Available,Not Available,Not Available,Not Available,Not Available,Not Available,Not Available,Not Available,Not Available,Not Available
Programming,Git,1.9.5,Not Available,Not Available,Yes,Not Available,Not Available,Not Available,Not Available,Not Available,Not Available,Not Available,Not Available,Not Available
Programming,Java SE Development Kit,8u51,Not Available,Yes,Yes,Yes,Not Available,Not Available,Not Available,Not Available,Not Available,Not Available,Not Available,Not Available
Programming,Processing,2.2.1,Not Available,Yes,Yes,Yes,Not Available,Not Available,Yes,Yes,Yes,Yes,Yes,Not Available
Programming,Arduino + USB board driver for Mac,1.6.5,Not Available,Yes,Yes,Yes,Not Available,Not Available,Yes,Yes,Yes,Yes,Yes,Not Available
Programming,Second Life Viewer,3.8.0.302622,Not Available,Yes,Yes,Yes,Not Available,Not Available,Yes,Yes,Yes,Yes,Yes,Not Available
Programming,Ploopp SL,0.6,Not Available,Yes,Yes,Yes,Not Available,Not Available,Yes,Yes,Yes,Yes,Yes,Not Available
Programming,X-code,6.4,Not Available,Not Available,Not Available,Not Available,Not Available,Not Available,Not Available,Yes,Yes,Yes,Yes,Not Available
Programming,iOS Dev (part of X-code),6.4,Not Available,Not Available,Not Available,Not Available,Not Available,Not Available,Yes,Yes,Yes,Yes,Yes,Not Available
Statistics and Research,"ArcGIS ArcInfo
with the following extension
- 3D Analyst
- ArcScan
- Geostatistical Analysis
- Network Analyst
- Publisher
- Schematics
- Spatial Analyst
- Tracking Analyst
",10.3.1,Not Available,Yes,Yes,Yes,Not Available,Not Available,Not Available,Not Available,Not Available,Not Available,Not Available,Not Available
Statistics and Research,ArcCatalog,10.3.1,Not Available,Yes,Yes,Yes,Not Available,Not Available,Not Available,Not Available,Not Available,Not Available,Not Available,Not Available
Statistics and Research,ArcGlobe,10.3.1,Not Available,Yes,Yes,Yes,Not Available,Not Available,Not Available,Not Available,Not Available,Not Available,Not Available,Not Available
Statistics and Research,ArcMap,10.3.1,Not Available,Yes,Yes,Yes,Not Available,Not Available,Not Available,Not Available,Not Available,Not Available,Not Available,Not Available
Statistics and Research,ArcReader,10.3.1,Not Available,Yes,Yes,Yes,Not Available,Not Available,Not Available,Not Available,Not Available,Not Available,Not Available,Yes
Statistics and Research,ArcScene,10.3.1,Not Available,Yes,Yes,Yes,Not Available,Not Available,Not Available,Not Available,Not Available,Not Available,Not Available,Yes
Statistics and Research,"
ArcGIS Editor for Open Street Map",10.3.1,Not Available,Yes,Yes,Yes,Not Available,Not Available,Not Available,Not Available,Not Available,Not Available,Not Available,Yes
Statistics and Research,CityEngine,10.3.1,Not Available,Yes,Yes,Yes,Not Available,Not Available,Not Available,Not Available,Not Available,Not Available,Not Available,Yes
Statistics and Research,Infoshare Online,Online,Not Available,Not Available,Yes,Not Available,Not Available,Not Available,Not Available,Not Available,Not Available,Not Available,Not Available,Yes
Statistics and Research,Eviews,9,Not Available,Yes,Yes,Yes,Not Available,Not Available,Not Available,Not Available,Not Available,Not Available,Not Available,Not Available
Statistics and Research,R,3.2.1,Not Available,Not Available,Yes,Not Available,Not Available,Not Available,Not Available,Not Available,Not Available,Not Available,Not Available,Yes
Statistics and Research,R Studio,0.99,Not Available,Not Available,Yes,Not Available,Not Available,Not Available,Not Available,Not Available,Not Available,Not Available,Not Available,Yes
Statistics and Research,Mapbox Studio,0.2.7,Not Available,Not Available,Yes,Not Available,Not Available,Not Available,Not Available,Not Available,Not Available,Not Available,Not Available,Yes
Statistics and Research,Google Refine,2.5,Not Available,Not Available,Yes,Not Available,Not Available,Not Available,Not Available,Not Available,Not Available,Not Available,Not Available,Yes
Statistics and Research,SAS,9.4,Not Available,Yes,Yes,Yes,Not Available,Not Available,Not Available,Not Available,Not Available,Not Available,Not Available,Yes
Statistics and Research,SPSS,23,Not Available,Yes,Yes,Yes,Not Available,Not Available,Not Available,Not Available,Not Available,Not Available,Not Available,Yes
Statistics and Research,Mathematica,10.2,Not Available,Yes,Yes,Not Available,Not Available,Not Available,Not Available,Not Available,Not Available,Not Available,Not Available,Yes
Statistics and Research,Stata SE,14,Not Available,Yes,Yes,Yes,Not Available,Not Available,Not Available,Not Available,Not Available,Not Available,Not Available,Not Available
Statistics and Research,Matlab,R2015a,Not Available,Yes,Yes,Yes,Not Available,Not Available,Not Available,Not Available,Not Available,Not Available,Not Available,Yes
Statistics and Research,Qualtrics,Online,Not Available,Yes,Yes,Yes,Not Available,Not Available,Not Available,Not Available,Not Available,Not Available,Not Available,Not Available
Advanced Video,Final Cut Studio,3,Not Available,Not Available,Not Available,Not Available,Not Available,Not Available,Not Available,Yes,Yes,Yes,Yes,Yes
Advanced Video,Final Cut Pro,7.0.3,Not Available,Not Available,Not Available,Not Available,Not Available,Not Available,Not Available,Yes,Yes,Yes,Yes,Yes
Advanced Video,Compressor,3.5.3,Not Available,Not Available,Not Available,Not Available,Not Available,Not Available,Not Available,Yes,Yes,Yes,Yes,Yes
Advanced Video,Cinema Tools,4.5.1,Not Available,Not Available,Not Available,Not Available,Not Available,Not Available,Not Available,Yes,Yes,Yes,Yes,Yes
Advanced Video,QuickTime Pro,7.6.5,Not Available,Not Available,Not Available,Not Available,Not Available,Not Available,Not Available,Yes,Yes,Yes,Yes,Yes
Advanced Video,Apple DVD Studio Pro,4.3,Not Available,Not Available,Not Available,Not Available,Not Available,Not Available,Not Available,Yes,Yes,Yes,Yes,Yes
Advanced Video,Color,1.5.3,Not Available,Not Available,Not Available,Not Available,Not Available,Not Available,Not Available,Yes,Yes,Yes,Yes,Not Available
Advanced Video,Motion,4.0.3,Not Available,Not Available,Not Available,Not Available,Not Available,Not Available,Not Available,Yes,Yes,Yes,Yes,Not Available
Advanced Video,Soundtrack Pro,3.0.1,Not Available,Not Available,Not Available,Not Available,Not Available,Not Available,Not Available,Yes,Yes,Yes,Yes,Not Available
Advanced Video,"Avid Media Composer
- AVCHD AMA plug-in
- MXF plugin",8.4,Not Available,Not Available,Not Available,Not Available,Not Available,Not Available,Not Available,Yes,Yes,Yes,Yes,Not Available
Advanced Video,Sorenson Squeeze for Avid Media Composer,8.4,Not Available,Not Available,Not Available,Not Available,Not Available,Not Available,Not Available,Yes,Yes,Yes,Yes,Not Available
Advanced Video,Avid FX,6.4,Not Available,Not Available,Not Available,Not Available,Not Available,Not Available,Not Available,Yes,Yes,Yes,Yes,Not Available
Advanced Audio,"Pro Tools®
Includes 
-MP3 Options
-DV ToolKit 2 ",12.1,Not Available,Not Available,Not Available,Not Available,Not Available,Not Available,Not Available,Not Available,Yes,Yes,Yes,Not Available
Advanced Audio,Pro Tools®,12.1,Not Available,Not Available,Not Available,Not Available,Not Available,Not Available,Not Available,Not Available,Not Available,Yes,Not Available,Not Available
Advanced Audio,"Pro Tools® TDM
Includes  
- MP3 Options
- DV ToolKit 2 ",12.1,Not Available,Not Available,Not Available,Not Available,Not Available,Not Available,Not Available,Not Available,Not Available,Not Available,Yes,Not Available
Advanced Audio,Pro Tools® Digi G003,12.1,Not Available,Not Available,Not Available,Not Available,Not Available,Not Available,Not Available,Not Available,Not Available,Not Available,Yes,Not Available
Advanced Audio,"Waves NPP &TDM1
Bundle Includes 
- TrueVerb
- L1 Ultramaximizer
- Q10 Paragraphic Equalizer
- C1 Parametric Compander
- IR-L Convolution Reverb
- SuperTap
- DeEsser
- S1 Stereo Imager
- Renaissance Axx",9.3,Not Available,Not Available,Not Available,Not Available,Not Available,Not Available,Not Available,Not Available,Not Available,Yes,Yes,Not Available
Advanced Audio,"Renaissance Maxx
Includes 
- Renaissance Axx
- Renaissance Bass 
- Renaissance Channel 
- Renaissance Compressor 
- Renaissance DeEsser
- Renaissance Equalizer 
- Renaissance Reverb 
- Renaissance Vox
- IR-L Convolution Reverb
- Waves Tune LT",9.3,Not Available,Not Available,Not Available,Not Available,Not Available,Not Available,Not Available,Not Available,Not Available,Yes,Yes,Not Available
Advanced Audio,"Restoration Bundle
Includes 
- Z-Noise;
- X-Noise
- X-Hum
- X-Click;
- X-Crackle",9.3,Not Available,Not Available,Not Available,Not Available,Not Available,Not Available,Not Available,Not Available,Not Available,Yes,Yes,Not Available
Advanced Audio,Response libraries for Waves IR-L,9.3,Not Available,Not Available,Not Available,Not Available,Not Available,Not Available,Not Available,Not Available,Not Available,Yes,Yes,Not Available
Advanced Audio,C4 multiband,9.3,Not Available,Not Available,Not Available,Not Available,Not Available,Not Available,Not Available,Not Available,Not Available,Yes,Yes,Not Available
Advanced Audio,Reason,8.3d92,Not Available,Not Available,Not Available,Not Available,Not Available,Not Available,Not Available,Not Available,Not Available,Yes,Yes,Not Available
Advanced Audio,Recycle for Reason,2.2.4,Not Available,Not Available,Not Available,Not Available,Not Available,Not Available,Not Available,Not Available,Not Available,Yes,Yes,Not Available
Advanced Audio,Max/MSP + Jitter Bundle,"7.0.5 
",Not Available,Not Available,Not Available,Not Available,Not Available,Not Available,Not Available,Not Available,Not Available,Not Available,Yes,Not Available
Advanced Audio,Finale,2014,Not Available,Not Available,Not Available,Not Available,Not Available,Not Available,Not Available,Not Available,Not Available,Yes,Yes,Yes
Advanced Audio,Sibelius,7.5.1 Mac,Not Available,Not Available,Not Available,Not Available,Not Available,Not Available,Not Available,Not Available,Not Available,Yes,Yes,Not Available
Advanced Audio,Logic Studio,9.1.7,Not Available,Not Available,Not Available,Not Available,Not Available,Not Available,Not Available,Not Available,Not Available,Yes,Yes,Not Available
Advanced Audio,KOMPLETE,8,Not Available,Not Available,Not Available,Not Available,Not Available,Not Available,Not Available,Not Available,Not Available,Yes,Yes,Not Available
Advanced Audio,Celemony Melodyne Editor,,Not Available,Not Available,Not Available,Not Available,Not Available,Not Available,Not Available,Not Available,Not Available,Not Available,Yes,Yes
Advanced Audio,Motu Digital Performer,9,Not Available,Not Available,Not Available,Not Available,Not Available,Not Available,Not Available,Not Available,Not Available,Not Available,Yes,Yes
Advanced Audio,Ableton Live Suite,9.2.1,Not Available,Not Available,Not Available,Not Available,Not Available,Not Available,Not Available,Not Available,Not Available,Not Available,Yes,Yes
Advanced Audio,"Hollywood Sound Library
- Hollywood Strings GOLD
- Hollywood Woodwinds GOLD
- Hollywood Brass GOLD",,Not Available,Not Available,Not Available,Not Available,Not Available,Not Available,Not Available,Not Available,Not Available,Not Available,Yes,Yes
Advanced Audio,REAPER,,Not Available,Not Available,Not Available,Not Available,Not Available,Not Available,Not Available,Not Available,Not Available,Not Available,Yes,Yes
Advanced Audio,SuperCollider,,Not Available,Not Available,Not Available,Not Available,Not Available,Not Available,Not Available,Not Available,Not Available,Not Available,Yes,Yes
Advanced Audio,Traktor2PRO,,Not Available,Not Available,Not Available,Not Available,Not Available,Not Available,Not Available,Not Available,Not Available,Not Available,Yes,Yes
Library Resources,Online Sheet Music,Win 8.3.4.0 / Mac 1.5.15b,Yes,Yes,Yes,Yes,Yes,Yes,Yes,Yes,Yes,Yes,Yes,Yes
Library Resources,Luna insight (Now Digital Media Collection),Online,Yes,Yes,Yes,Yes,Yes,Yes,Yes,Yes,Yes,Yes,Yes,Yes
Library Resources,Artstor (Weblink),Online,Yes,Yes,Yes,Yes,Yes,Yes,Yes,Yes,Yes,Yes,Yes,Yes
Library Resources,Artstor Offline Viewer,3.1 Win / 4.0 Mac,Yes,Yes,Yes,Yes,Yes,Yes,Yes,Yes,Yes,Yes,Yes,Yes
University Quick Links,Fashion Snoops,Online,Yes,Yes,Yes,Yes,Yes,Yes,Yes,Yes,Yes,Yes,Yes,Yes
University Quick Links,"Information Technology

",N/A,Yes,Yes,Yes,Not Available,Yes,Yes,Yes,Yes,Yes,Yes,Yes,Yes
University Quick Links,Alvin,N/A,Yes,Yes,Yes,Yes,Yes,Yes,Yes,Yes,Yes,Yes,Yes,Not Available
University Quick Links,FAQ,N/A,Yes,Yes,Yes,Not Available,Yes,Yes,Yes,Yes,Yes,Yes,Yes,Yes
University Quick Links,Library Resources,N/A,Yes,Yes,Yes,Yes,Yes,Yes,Yes,Yes,Yes,Yes,Yes,Yes
University Quick Links,NewSchool Gmail,N/A,Yes,Yes,Yes,Yes,Yes,Yes,Yes,Yes,Yes,Yes,Yes,Yes
University Quick Links,Look up your NetID or Reset your Password,N/A,Yes,Yes,Yes,Yes,Yes,Yes,Yes,Yes,Yes,Yes,Yes,Yes
University Quick Links,LyndaCampus,N/A,Yes,Yes,Yes,Yes,Yes,Yes,Yes,Yes,Yes,Yes,Yes,Not Available
University Quick Links,My New School,N/A,Yes,Yes,Yes,Yes,Yes,Yes,Yes,Yes,Yes,Yes,Yes,Not Available
University Quick Links,The New School,N/A,Yes,Yes,Yes,Yes,Yes,Yes,Yes,Yes,Yes,Yes,Yes,Not Available
University Quick Links,Report a Problem,N/A,Yes,Yes,Yes,Yes,Yes,Yes,Not Available,Yes,Yes,Yes,Yes,Not Available
Utilities,Burn,2.5.1,Not Available,Not Available,Not Available,Not Available,Yes,Yes,Yes,Yes,Yes,Yes,Yes,Not Available
Utilities,StuffIt Expander,16,Not Available,Not Available,Not Available,Not Available,Yes,Yes,Yes,Yes,Yes,Yes,Yes,Not Available
Utilities,CDBurnerXP,4.5.5,Yes,Yes,Yes,Yes,Not Available,Not Available,Not Available,Not Available,Not Available,Not Available,Not Available,Not Available
Utilities,7-Zip,9.2,Yes,Yes,Yes,Yes,Not Available,Not Available,Not Available,Not Available,Not Available,Not Available,Not Available,Not Available
Utilities,Notepad,6.1,Yes,Yes,Yes,Yes,Not Available,Not Available,Not Available,Not Available,Not Available,Not Available,Not Available,Not Available
Utilities,Notepad++,6.7.8.2,Yes,Not Available,Yes,Not Available,Not Available,Not Available,Not Available,Not Available,Not Available,Not Available,Not Available,Not Available
Utilities,Command Prompt,6.1,Yes,Yes,Yes,Yes,Not Available,Not Available,Not Available,Not Available,Not Available,Not Available,Not Available,Yes
Utilities,Paint,6.1,Yes,Yes,Yes,Yes,Not Available,Not Available,Not Available,Not Available,Not Available,Not Available,Not Available,Not Available
Utilities,WordPad,6.1,Yes,Yes,Yes,Yes,Not Available,Not Available,Not Available,Not Available,Not Available,Not Available,Not Available,Yes
Utilities,Volume,6.1,Yes,Yes,Yes,Yes,Not Available,Not Available,Not Available,Not Available,Not Available,Not Available,Not Available,Yes
Utilities,Windows Explorer,6.1,Yes,Yes,Yes,Yes,Not Available,Not Available,Not Available,Not Available,Not Available,Not Available,Not Available,Yes
Utilities,EndPoint Protection,12.1.6,Yes,Yes,Yes,Yes,Yes,Yes,Yes,Yes,Yes,Yes,Yes,Yes
Disk Utilities,Disk Warrior,4.4,Not Available,Not Available,Not Available,Not Available,Not Available,Yes,Not Available,Not Available,Not Available,Not Available,Not Available,Not Available
Misc,VMWare Horizon Client,3.4.0,Yes,Yes,Yes,Yes,Yes,Yes,Yes,Yes,Yes,Yes,Yes,Not Available
Network Resources,Drop Box,N/A,Yes,Yes,Yes,Yes,Yes,Yes,Yes,Yes,Yes,Yes,Yes,Not Available
Network Resources,Manuals and Resources,N/A,Yes,Yes,Yes,Yes,Yes,Yes,Yes,Yes,Yes,Yes,Yes,Not Available
Network Resources,Secure Drop Box,N/A,Yes,Yes,Yes,Yes,Yes,Yes,Yes,Yes,Yes,Yes,Yes,Not Available
